skill_count,endorsement_ratio,has_about,about_length,exp_count,edu_count,has_photo,is_fake,score
6,0.46,0,0,4,3,0,0,46
26,0.59,0,0,8,1,1,0,36
17,0.58,0,0,9,0,0,0,35
20,0.25,0,0,9,1,1,0,37
0,0.48,1,329,6,2,1,0,84
13,0.61,0,0,3,1,1,0,42
21,0.56,0,0,0,3,0,0,20
8,0.05,1,206,7,1,1,0,63
2,0.57,0,0,1,2,0,0,33
20,0.44,1,82,6,2,0,0,53
1,0.27,0,0,3,0,1,0,54
5,0.97,0,0,5,3,1,0,73
23,0.03,1,54,0,0,0,0,10
4,0.47,0,0,4,0,1,0,41
5,0.45,1,444,5,3,1,0,89
6,0.59,0,0,4,3,0,0,61
17,0.91,0,0,9,2,0,0,59
12,0.27,1,98,8,0,1,0,59
0,0.78,0,0,7,2,0,0,48
24,0.35,1,99,3,2,0,0,36
15,0.41,0,0,0,0,1,0,22
18,0.04,0,0,4,0,0,0,10
24,0.2,0,0,6,3,1,0,36
15,0.22,0,0,1,0,1,0,24
8,0.11,1,42,1,3,1,0,55
26,0.93,0,0,4,2,1,0,46
24,0.04,0,0,2,3,0,1,13
20,0.3,1,187,3,3,0,0,51
27,0.84,1,97,6,3,0,0,48
28,0.52,0,0,5,1,1,0,25
6,0.42,1,455,6,1,1,0,80
2,0.69,0,0,1,2,1,0,43
9,0.45,1,261,4,3,1,0,82
3,0.13,0,0,1,0,1,0,13
20,0.19,0,0,2,2,0,0,10
0,0.92,0,0,2,1,0,0,47
2,0.44,0,0,4,1,1,0,59
13,0.46,0,0,2,0,1,0,33
24,0.79,1,220,6,0,1,0,65
2,0.42,0,0,4,3,0,0,43
25,0.64,1,425,8,2,0,0,63
23,0.45,1,389,4,2,0,0,44
14,0.12,1,214,6,0,0,0,46
23,0.89,0,0,3,2,0,0,34
2,0.42,1,6,2,3,1,0,52
15,0.99,0,0,8,2,1,0,75
0,0.15,1,223,8,2,1,0,71
2,0.3,1,53,5,3,1,0,79
16,0.01,0,0,0,1,0,0,10
17,0.9,0,0,7,3,0,0,59
9,0.58,0,0,1,2,0,0,33
14,0.11,1,153,2,0,1,0,48
21,0.52,1,128,7,3,0,0,60
26,0.1,0,0,5,1,0,0,10
3,0.76,1,488,9,2,1,0,95
5,0.03,1,211,7,3,0,0,63
16,0.77,1,121,0,3,1,0,67
28,0.22,0,0,0,2,0,0,10
16,0.95,1,274,4,3,1,0,100
15,0.34,0,0,4,3,0,0,56
23,0.04,1,149,4,0,1,0,19
6,0.3,1,460,3,3,0,0,64
11,0.35,1,234,1,3,1,0,60
17,0.68,1,101,2,1,0,0,50
16,0.12,0,0,6,3,1,0,49
4,0.29,0,0,6,2,0,0,55
2,0.96,0,0,1,1,1,0,44
1,0.3,1,412,4,3,1,0,75
11,0.7,1,257,6,0,1,0,77
14,0.17,0,0,7,3,1,0,62
19,0.95,1,106,4,3,0,0,74
16,0.0,0,0,0,3,0,0,16
11,0.22,1,3,2,3,1,0,52
22,0.92,0,0,0,1,0,0,23
8,0.22,1,23,8,2,1,0,79
3,0.82,0,0,7,1,0,0,54
24,0.39,0,0,6,3,0,0,33
11,0.32,1,394,1,1,1,0,62
0,0.57,1,339,8,1,1,0,80
1,0.38,0,0,1,3,0,0,33
7,0.79,0,0,9,1,0,0,55
8,0.0,1,41,9,0,0,0,40
24,0.85,1,187,7,0,1,0,67
25,0.87,1,486,0,2,0,0,38
7,0.73,1,16,7,3,1,0,91
28,0.59,1,450,0,2,1,0,29
29,0.05,1,366,6,1,0,0,25
18,0.32,1,8,0,3,1,0,48
29,0.68,0,0,6,1,1,0,37
2,0.01,1,25,4,1,1,0,49
15,0.52,0,0,6,0,0,0,34
24,0.71,1,175,5,2,1,0,68
7,0.11,0,0,5,1,0,0,31
11,0.55,0,0,9,3,1,0,60
26,0.99,1,132,2,2,1,0,58
19,0.46,1,328,3,2,0,0,66
25,0.92,1,392,8,0,0,0,62
27,0.4,0,0,8,2,0,0,18
1,0.15,0,0,4,1,0,0,35
22,0.38,1,86,8,0,0,0,27
15,0.64,0,0,7,2,0,0,50
17,0.86,1,472,5,0,1,0,88
28,0.88,1,350,9,1,0,0,48
9,0.73,1,175,2,2,0,0,66
29,0.74,1,152,4,0,0,0,28
5,0.91,0,0,5,2,1,0,74
19,0.62,1,12,0,1,1,0,39
6,0.88,1,181,8,3,1,0,88
26,0.29,1,352,4,0,0,0,29
8,0.36,0,0,9,1,1,0,50
11,0.81,1,124,6,1,0,0,73
9,0.89,0,0,5,3,0,0,62
22,0.67,1,88,2,0,0,0,34
11,0.05,0,0,5,3,0,0,49
25,0.55,0,0,1,1,0,0,10
8,0.31,1,286,1,0,0,0,33
18,0.65,0,0,8,3,1,0,63
13,0.45,1,393,2,2,0,0,68
0,0.67,0,0,4,2,0,0,59
20,0.58,1,219,7,3,0,0,65
29,0.7,0,0,3,0,0,0,10
1,0.5,0,0,3,3,0,0,45
24,0.64,0,0,3,0,1,0,30
15,0.42,1,336,6,3,1,0,95
7,0.34,0,0,4,3,1,0,61
5,0.58,1,388,0,2,1,0,60
23,0.6,0,0,2,3,0,0,28
22,0.52,0,0,5,3,0,0,43
3,0.66,0,0,1,3,1,0,46
28,0.07,0,0,9,0,1,1,10
10,0.72,0,0,9,3,1,0,75
26,0.68,1,24,1,2,0,0,27
2,0.33,0,0,2,1,0,0,19
21,0.09,1,188,9,2,1,0,47
18,0.26,1,206,4,1,0,0,43
17,0.04,1,236,1,0,1,0,30
18,0.18,0,0,6,0,1,0,36
28,0.39,1,317,9,2,1,0,52
2,0.4,1,335,5,0,1,0,71
21,0.1,1,488,4,0,1,0,49
13,0.77,1,145,5,1,1,0,87
0,0.21,1,199,4,0,1,0,55
23,0.86,0,0,6,2,1,0,60
18,0.85,1,274,9,0,0,0,75
24,0.27,0,0,8,0,1,0,26
24,0.57,0,0,1,1,1,0,23
27,0.92,0,0,9,0,1,0,46
28,0.24,0,0,3,3,0,0,13
29,0.51,1,264,7,3,0,0,55
17,0.35,0,0,2,3,1,0,39
18,0.45,1,266,3,0,0,0,48
7,0.58,1,300,5,1,0,0,77
1,0.4,1,452,1,0,1,0,51
22,0.1,0,0,4,3,1,0,32
0,0.27,0,0,8,2,1,0,50
4,0.58,0,0,1,3,1,0,54
0,0.64,0,0,2,2,1,0,54
17,1.0,0,0,4,2,0,0,51
29,0.31,0,0,1,0,1,0,10
16,0.62,0,0,6,3,1,0,55
19,0.89,1,403,6,0,1,0,82
28,0.68,0,0,1,0,1,0,14
21,0.61,1,249,2,3,1,0,64
25,0.08,1,373,5,3,0,0,47
7,0.32,1,342,9,2,0,0,61
7,0.59,1,47,6,2,0,0,64
1,0.14,0,0,2,2,1,0,40
27,0.82,1,255,8,0,1,0,58
6,0.55,1,326,8,1,1,0,79
22,0.91,1,379,7,3,0,0,71
4,0.14,1,227,9,3,1,0,86
25,0.16,1,396,3,1,1,0,39
29,0.42,1,120,5,1,1,0,43
26,0.8,0,0,0,3,1,0,24
9,0.79,0,0,3,2,0,0,52
29,0.21,0,0,5,2,0,0,10
26,0.34,1,45,3,2,1,0,34
5,0.14,0,0,0,0,0,0,10
15,0.56,0,0,9,2,1,0,61
6,0.86,0,0,8,1,1,0,73
19,0.26,0,0,8,1,1,0,56
9,0.49,1,32,7,1,0,0,56
13,0.94,1,294,4,2,1,0,100
21,0.62,0,0,0,1,0,0,13
3,0.52,0,0,7,3,1,0,68
18,0.83,1,492,3,2,0,0,66
5,0.83,0,0,9,0,1,0,58
16,0.13,0,0,5,2,0,0,36
0,0.16,0,0,7,0,0,0,27
17,0.09,0,0,9,2,0,0,30
21,0.65,0,0,8,1,0,0,36
25,0.4,1,243,5,2,0,0,48
4,0.85,0,0,8,0,0,0,57
4,0.86,1,148,9,0,1,0,78
4,0.57,1,217,9,0,0,0,60
10,0.95,0,0,6,3,0,0,72
11,0.33,1,186,2,0,0,0,49
28,0.64,0,0,6,2,1,0,33
16,0.15,0,0,4,2,0,0,38
1,0.18,0,0,9,1,0,0,35
23,0.66,1,326,9,0,0,0,56
6,0.37,1,246,8,2,0,0,77
0,0.89,1,465,5,1,1,0,94
22,0.07,1,310,8,2,0,0,51
10,0.78,1,280,1,1,1,0,73
16,0.29,0,0,6,0,1,0,43
26,0.07,0,0,0,2,1,1,10
19,0.52,0,0,7,2,0,0,50
3,0.43,0,0,2,3,0,0,26
20,0.66,1,221,8,1,0,0,61
28,0.18,1,482,7,0,0,0,30
23,0.47,0,0,8,0,1,0,37
11,0.54,1,289,6,2,1,0,83
12,0.46,1,478,7,3,1,0,95
3,0.25,0,0,7,2,0,0,45
27,0.09,1,48,9,2,1,0,36
3,0.03,1,358,4,0,0,0,50
17,0.53,1,165,4,3,1,0,77
7,0.09,1,476,7,3,0,0,63
13,0.35,1,247,8,3,0,0,71
1,0.75,1,247,4,2,1,0,84
25,0.24,1,75,7,0,0,0,30
23,0.23,0,0,3,1,0,0,10
25,0.61,0,0,1,0,1,0,10
4,0.31,0,0,4,0,1,0,40
15,0.67,1,378,0,0,0,0,53
10,0.63,1,325,6,0,1,0,75
16,0.37,1,281,0,2,1,0,51
11,0.22,0,0,9,1,1,0,46
19,0.34,0,0,2,3,1,0,39
9,0.56,1,361,0,3,0,0,56
13,0.71,1,190,8,0,1,0,72
15,0.49,1,65,8,1,1,0,74
2,0.68,1,176,6,3,0,0,86
11,0.15,1,48,3,0,1,0,52
7,0.89,0,0,4,0,1,0,49
7,0.5,1,316,2,2,1,0,63
17,0.6,1,297,8,3,1,0,83
7,0.79,1,395,5,1,1,0,91
27,0.02,0,0,5,2,1,1,29
5,0.52,0,0,1,0,0,0,25
3,0.66,0,0,8,3,0,0,61
18,0.89,1,75,2,0,0,0,51
5,0.94,1,267,1,1,0,0,56
19,0.32,1,106,1,0,0,0,23
14,1.0,0,0,8,3,1,0,76
15,0.24,1,158,8,3,0,0,67
2,0.47,1,496,1,0,1,0,50
15,0.62,1,223,5,2,0,0,81
7,0.03,0,0,8,1,0,0,23
10,0.09,0,0,5,2,1,0,49
20,0.63,1,17,7,2,0,0,68
29,0.62,1,154,5,3,0,0,51
26,0.12,1,443,7,0,0,0,28
3,0.38,1,190,1,0,1,0,46
0,0.15,1,348,3,2,0,0,54
6,0.31,0,0,6,1,0,0,43
21,0.99,1,341,0,1,0,0,53
5,0.53,1,309,8,3,1,0,88
28,0.26,0,0,2,0,0,0,10
15,0.54,0,0,7,3,1,0,63
6,0.92,1,84,2,3,0,0,76
1,0.74,1,161,1,3,1,0,65
20,0.42,1,162,7,3,0,0,72
2,0.77,0,0,6,2,0,0,52
8,0.96,1,326,5,0,0,0,80
28,0.4,1,141,6,2,1,0,40
2,0.32,0,0,5,1,0,0,38
5,0.17,0,0,5,0,1,0,37
29,0.68,1,188,1,0,0,0,18
20,0.16,0,0,1,0,1,0,13
8,0.32,1,8,4,2,1,0,64
14,0.56,1,408,3,2,1,0,85
20,0.75,0,0,9,2,0,0,47
12,0.46,1,399,8,3,0,0,82
8,0.15,0,0,2,1,0,0,13
15,0.37,1,450,5,0,0,0,63
2,0.95,1,397,2,1,1,0,80
25,0.88,1,412,2,0,1,0,49
10,0.67,1,72,5,0,0,0,68
18,0.26,0,0,0,1,0,0,10
21,0.91,0,0,5,1,1,0,49
14,0.46,1,401,2,3,0,0,63
24,0.46,1,272,0,1,1,0,32
0,0.83,1,417,6,3,1,0,100
28,0.06,0,0,9,1,1,1,12
18,0.24,1,67,8,3,0,0,53
17,0.41,1,292,4,3,0,0,71
24,0.64,0,0,9,2,1,0,42
6,0.82,0,0,8,1,0,0,60
1,0.26,1,351,7,2,0,0,64
21,0.93,0,0,1,2,0,0,40
22,0.12,0,0,8,1,0,0,28
6,0.54,1,262,2,2,0,0,66
10,0.7,1,12,9,0,0,0,61
23,0.23,0,0,5,3,0,0,23
2,0.4,1,320,6,3,1,0,84
26,0.71,1,197,6,2,0,0,50
20,0.75,0,0,6,2,0,0,45
20,0.34,1,490,5,1,1,0,62
5,0.84,0,0,3,1,0,0,40
12,0.15,0,0,1,0,0,0,10
22,0.69,1,75,7,3,0,0,64
7,0.53,1,207,8,1,1,0,80
0,0.66,1,195,6,1,1,0,78
20,0.8,1,130,0,0,1,0,42
22,0.12,0,0,7,0,1,0,14
15,0.48,1,201,7,2,0,0,69
22,0.11,0,0,4,3,1,0,41
28,0.52,1,154,5,2,0,0,39
8,0.23,1,61,7,0,1,0,50
27,0.16,1,48,2,1,0,0,21
25,0.96,0,0,5,0,0,0,35
3,0.29,0,0,9,1,1,0,50
6,0.98,0,0,7,1,0,0,60
7,0.98,0,0,3,1,1,0,68
10,0.32,1,85,3,2,1,0,52
15,0.68,0,0,6,3,0,0,59
18,0.15,0,0,3,1,0,0,15
5,0.15,1,387,0,1,0,0,37
12,0.44,0,0,9,3,0,0,56
5,0.83,0,0,6,3,0,0,66
27,0.54,0,0,0,0,0,0,10
9,0.79,0,0,2,0,1,0,47
29,0.45,0,0,8,2,1,0,27
19,0.91,1,52,6,2,1,0,75
1,0.1,0,0,4,3,1,0,46
17,0.26,0,0,3,0,0,0,24
15,0.73,0,0,3,1,1,0,48
0,0.73,0,0,2,3,0,0,51
22,0.01,0,0,1,0,0,1,10
25,0.13,0,0,9,0,1,0,21
5,0.15,0,0,0,2,0,0,14
16,0.89,0,0,3,3,1,0,62
12,0.03,0,0,7,0,0,0,28
15,0.03,1,362,2,3,0,0,58
11,0.47,0,0,9,1,0,0,49
15,0.77,0,0,0,2,1,0,45
25,0.62,1,4,2,2,0,0,39
5,0.51,0,0,9,3,0,0,58
16,0.35,1,18,3,3,1,0,70
12,0.61,0,0,7,2,1,0,55
28,0.33,1,387,2,0,0,0,24
0,0.75,1,405,4,3,0,0,87
15,0.87,0,0,1,0,0,0,30
16,0.3,0,0,3,1,1,0,34
5,0.97,0,0,6,0,1,0,60
3,0.87,0,0,7,3,1,0,71
7,0.58,0,0,6,2,1,0,60
1,0.62,1,238,7,0,0,0,70
28,0.5,1,188,3,0,0,0,23
22,0.14,0,0,5,2,1,0,36
28,0.82,0,0,5,0,1,0,27
18,0.21,0,0,5,3,0,0,41
25,0.77,1,378,8,0,0,0,46
7,0.09,0,0,7,3,1,0,48
15,0.44,1,451,1,2,0,0,52
2,0.91,0,0,5,2,1,0,83
29,0.78,0,0,8,1,1,0,38
2,0.15,0,0,6,0,0,0,26
29,1.0,0,0,1,2,0,0,12
25,0.41,1,372,1,1,1,0,48
11,0.87,1,468,3,2,1,0,87
28,0.01,0,0,6,2,1,1,26
19,0.2,0,0,1,3,1,0,33
28,0.52,1,328,0,1,1,0,32
23,0.5,1,454,8,1,1,0,62
21,0.98,0,0,6,3,1,0,70
1,0.31,1,405,3,3,1,0,65
24,0.92,1,239,7,3,0,0,70
15,0.21,0,0,3,1,1,0,37
7,0.02,0,0,0,2,1,0,27
15,0.24,1,178,2,0,1,0,49
27,0.36,1,428,3,1,0,0,33
20,0.58,1,331,2,3,0,0,45
12,0.71,1,488,3,1,0,0,69
18,0.87,1,183,4,2,1,0,77
28,0.2,1,411,1,1,0,0,12
26,0.09,1,483,8,3,1,0,65
23,0.51,0,0,8,2,1,0,45
2,0.73,0,0,5,1,1,0,68
24,0.81,1,107,6,0,1,0,61
9,0.28,0,0,4,1,1,0,45
6,0.62,0,0,9,0,1,0,61
16,0.64,0,0,4,0,1,0,48
15,0.81,1,292,8,1,1,0,86
18,0.43,0,0,0,1,0,0,17
24,0.0,1,434,0,0,0,0,10
1,0.62,0,0,7,3,0,0,52
7,0.38,1,473,7,0,1,0,76
6,0.37,1,89,2,1,1,0,54
1,0.29,1,311,3,3,0,0,59
26,0.05,0,0,4,3,0,1,17
3,0.97,0,0,0,3,1,0,49
22,0.25,1,464,3,2,0,0,33
4,0.23,1,237,7,1,1,0,68
19,0.06,0,0,4,1,0,0,23
8,0.1,1,102,9,1,1,0,60
0,0.54,1,67,6,0,1,0,73
25,0.14,1,126,1,2,1,0,23
13,0.91,0,0,7,0,0,0,60
10,0.95,1,171,7,3,1,0,100
0,0.4,0,0,1,0,1,0,34
7,0.61,1,360,6,0,0,0,70
29,0.22,0,0,8,3,1,0,29
26,0.79,0,0,5,0,1,0,34
5,0.71,1,123,5,2,0,0,73
15,0.64,1,300,9,0,1,0,74
3,0.21,0,0,1,3,0,0,27
9,0.18,0,0,4,1,0,0,36
1,0.52,1,416,6,3,0,0,73
22,0.11,1,48,0,1,0,0,20
12,0.69,1,194,0,1,1,0,56
26,0.48,1,344,9,1,0,0,42
18,0.94,0,0,1,2,0,0,39
9,0.36,1,105,4,2,1,0,69
9,0.36,1,156,1,1,0,0,43
19,0.6,1,386,0,1,1,0,51
3,0.15,1,426,3,0,0,0,41
27,0.86,0,0,6,1,1,0,45
25,0.74,1,129,2,3,1,0,47
7,0.95,0,0,8,3,0,0,75
19,0.19,0,0,7,0,1,0,32
23,0.46,0,0,8,1,1,0,37
7,0.13,1,459,6,2,1,0,77
28,0.12,1,439,6,3,0,0,46
19,0.14,0,0,9,3,0,0,36
4,0.23,0,0,6,3,0,0,44
23,0.22,0,0,7,0,0,0,11
7,0.09,0,0,5,1,0,0,29
21,0.37,1,478,1,1,0,0,35
16,0.71,0,0,8,0,0,0,34
19,0.88,0,0,8,1,0,0,49
22,0.5,0,0,0,0,1,0,13
5,0.59,1,132,4,0,0,0,56
28,0.9,1,444,2,0,0,0,43
28,0.59,0,0,4,0,1,0,16
7,0.31,0,0,3,2,0,0,34
3,0.18,1,128,9,2,1,0,62
1,0.48,1,352,2,1,0,0,54
18,0.92,1,222,9,1,1,0,88
27,0.73,0,0,1,0,1,0,10
13,0.64,1,394,9,3,0,0,86
15,0.4,1,385,1,3,1,0,58
6,0.52,1,112,4,2,1,0,74
5,0.69,0,0,8,3,0,0,58
20,0.5,1,1,2,0,0,0,31
14,0.19,1,483,0,3,1,0,58
7,0.58,0,0,4,1,0,0,38
0,0.84,1,210,6,1,0,0,78
0,0.94,1,403,4,3,0,0,86
21,0.48,1,410,6,3,1,0,80
1,0.69,1,198,5,1,1,0,77
28,0.01,1,300,2,0,1,0,19
5,0.04,0,0,0,2,1,0,16
0,0.09,1,248,9,0,0,0,50
16,0.93,1,393,5,0,0,0,81
25,0.41,1,190,1,0,1,0,23
21,0.21,0,0,7,2,0,0,39
12,0.2,0,0,8,0,0,0,24
3,0.43,0,0,4,3,1,0,57
20,0.81,0,0,4,0,1,0,47
18,0.57,0,0,4,3,1,0,52
21,0.16,1,93,0,1,0,0,20
2,0.14,0,0,4,1,1,0,34
21,0.94,1,292,1,2,0,0,62
1,0.94,1,377,2,3,1,0,91
12,0.68,1,464,5,0,0,0,63
26,0.19,1,162,4,1,0,0,33
26,0.23,0,0,5,0,1,0,15
25,0.12,1,287,2,3,1,0,49
13,0.38,0,0,3,1,1,0,44
12,0.08,0,0,5,2,0,0,37
2,0.27,1,309,1,2,1,0,66
22,0.33,1,124,6,0,1,0,42
2,0.1,0,0,7,3,1,0,51
23,0.22,0,0,6,3,0,0,39
7,0.03,1,149,9,1,0,0,51
26,0.56,0,0,8,1,0,0,22
8,0.09,0,0,2,2,1,0,36
13,0.24,1,96,3,2,1,0,70
23,0.71,1,33,0,0,0,0,22
25,0.18,1,162,7,0,1,0,37
11,0.38,1,497,5,2,1,0,77
8,0.64,0,0,1,0,0,0,22
12,0.12,1,186,8,3,0,0,61
22,0.38,1,478,1,2,1,0,43
24,0.84,0,0,2,2,0,0,24
15,0.91,0,0,2,2,1,0,45
24,0.21,1,493,8,2,0,0,51
8,0.83,0,0,0,0,1,0,37
27,0.17,1,429,5,0,1,0,44
26,0.91,1,84,7,1,1,0,59
22,0.14,1,418,5,3,1,0,62
0,0.55,0,0,6,3,1,0,72
7,0.99,1,99,3,0,1,0,66
14,0.75,1,216,5,2,0,0,77
10,0.62,0,0,8,2,1,0,71
3,0.49,1,166,8,1,1,0,71
27,0.81,1,282,3,3,0,0,63
16,0.16,0,0,6,0,0,0,23
15,0.08,1,372,1,1,1,0,46
9,0.26,1,368,1,3,0,0,58
24,0.0,1,412,6,3,1,0,53
2,0.01,1,328,8,3,1,0,74
13,0.11,1,46,3,0,1,0,47
18,0.06,0,0,4,1,0,0,12
17,0.89,0,0,8,3,0,0,66
13,0.87,0,0,6,1,0,0,58
22,0.98,1,215,8,1,1,0,70
5,0.12,1,221,5,1,0,0,55
24,0.56,1,348,6,0,0,0,41
12,0.57,0,0,7,1,1,0,55
29,0.19,1,349,6,0,1,0,45
3,0.48,0,0,8,2,1,0,59
24,0.18,1,19,0,3,0,0,17
4,0.88,0,0,1,1,1,0,31
22,0.19,0,0,8,1,0,0,15
2,0.07,1,374,8,3,1,0,81
21,0.03,0,0,5,1,0,1,10
21,0.35,0,0,6,2,1,0,43
5,0.56,0,0,3,3,0,0,52
7,0.87,0,0,2,0,1,0,42
5,0.25,1,430,3,3,0,0,68
3,0.72,1,140,0,3,1,0,72
1,0.44,1,342,8,0,1,0,68
14,0.7,1,38,4,0,1,0,67
17,1.0,0,0,4,3,0,0,61
15,0.79,1,216,5,2,0,0,75
19,0.65,1,423,0,0,1,0,43
12,0.06,0,0,2,1,1,0,14
19,0.25,1,461,7,3,0,0,64
24,0.47,0,0,6,2,1,0,38
0,0.29,1,166,5,2,0,0,52
27,0.97,1,325,0,1,1,0,38
26,0.03,1,412,1,1,1,0,23
8,0.73,0,0,0,2,0,0,31
7,0.95,1,428,6,1,0,0,86
10,0.22,0,0,9,2,1,0,51
2,0.5,0,0,9,3,1,0,60
21,0.05,1,269,4,0,0,0,34
2,0.35,1,73,5,1,1,0,65
1,0.57,1,291,3,1,1,0,78
8,0.55,1,2,1,1,1,0,50
28,0.36,1,366,4,3,1,0,45
18,0.81,1,7,2,1,0,0,40
21,0.38,1,302,8,2,1,0,70
27,0.93,1,268,3,3,0,0,62
25,0.58,0,0,6,1,0,0,30
17,0.94,1,479,0,2,1,0,68
11,0.82,0,0,5,2,1,0,67
12,0.37,0,0,3,1,0,0,31
14,0.36,0,0,9,3,1,0,54
8,0.55,0,0,9,2,1,0,56
12,0.5,1,359,9,1,0,0,65
28,0.03,1,88,7,2,0,0,23
21,0.12,1,401,7,2,1,0,59
7,0.8,0,0,6,3,0,0,62
26,0.23,1,24,8,0,1,0,48
0,0.97,1,29,5,2,1,0,84
2,0.48,0,0,3,0,1,0,30
18,0.17,1,89,4,2,1,0,56
18,0.31,1,236,0,2,0,0,33
5,0.76,1,266,9,3,0,0,87
12,0.96,0,0,2,2,1,0,61
19,0.94,0,0,7,3,0,0,56
21,0.94,1,304,4,1,0,0,67
13,0.56,0,0,5,3,1,0,71
25,0.73,1,126,4,0,0,0,43
0,0.33,1,286,1,2,1,0,59
3,0.41,1,271,6,3,0,0,71
10,0.29,1,210,4,3,0,0,64
3,0.8,0,0,1,0,0,0,33
19,0.61,1,347,7,0,1,0,74
23,0.12,1,400,9,2,0,0,46
28,0.28,0,0,2,2,1,0,10
7,0.01,1,49,4,3,1,0,55
22,0.73,1,398,9,1,1,0,72
7,0.61,0,0,1,2,0,0,29
20,0.15,1,212,8,3,1,0,65
1,0.56,1,499,9,1,1,0,83
4,0.37,0,0,5,2,0,0,51
29,0.26,0,0,3,0,0,0,10
29,0.87,0,0,4,0,1,0,30
18,0.21,0,0,8,1,1,0,42
3,0.29,1,235,1,1,0,0,38
26,0.76,1,330,8,3,0,0,67
29,0.17,1,39,3,2,1,0,34
29,0.06,1,161,7,0,1,0,22
22,0.39,1,62,7,2,0,0,45
20,0.31,0,0,1,2,1,0,28
6,0.32,1,318,7,1,0,0,69
18,0.39,1,194,6,0,0,0,48
4,0.89,1,151,6,0,1,0,79
10,0.48,1,229,2,1,1,0,73
0,0.55,0,0,4,1,0,0,34
14,0.98,1,420,7,0,1,0,94
1,0.87,0,0,4,3,0,0,66
14,0.54,0,0,9,0,1,0,49
3,0.51,0,0,7,0,0,0,45
12,0.45,1,43,1,0,1,0,49
20,0.02,0,0,3,3,0,0,27
17,0.86,1,89,7,2,0,0,76
11,0.62,1,145,6,3,1,0,82
25,0.85,1,479,1,1,1,0,53
20,0.45,0,0,7,0,0,0,23
27,0.98,1,105,9,1,0,0,54
21,0.18,1,484,0,3,1,0,44
18,0.16,1,468,3,0,1,0,47
29,0.47,0,0,1,0,1,0,10
9,0.26,0,0,8,2,1,0,61
6,0.61,1,306,3,2,0,0,63
18,0.79,1,50,0,2,0,0,55
3,0.91,0,0,0,0,1,0,32
13,0.27,0,0,9,1,1,0,45
4,0.36,0,0,5,3,0,0,56
21,0.7,0,0,4,1,0,0,33
28,0.05,1,451,7,2,1,0,43
21,0.72,0,0,0,3,0,0,27
13,0.27,0,0,6,3,1,0,62
15,0.58,0,0,4,0,0,0,35
19,0.68,0,0,5,3,0,0,47
20,0.94,1,81,3,0,1,0,52
20,0.33,1,358,8,2,1,0,72
2,0.44,1,278,5,0,1,0,70
7,0.88,0,0,2,0,0,0,37
28,0.41,1,45,7,2,0,0,44
13,0.79,0,0,2,2,0,0,43
2,0.2,1,351,0,3,1,0,52
27,0.12,0,0,9,1,0,0,10
8,0.01,1,419,0,1,0,0,36
2,0.89,0,0,2,3,0,0,53
10,0.99,0,0,3,1,0,0,43
16,0.01,1,364,4,2,1,0,55
3,0.06,0,0,5,1,0,0,31
23,0.81,1,39,9,3,0,0,71
29,0.43,0,0,7,3,1,0,43
5,0.44,1,291,9,2,1,0,76
2,0.68,0,0,6,1,1,0,58
0,0.29,1,208,1,3,0,0,45
18,0.54,1,344,3,1,1,0,68
28,0.84,0,0,3,0,1,0,31
3,0.63,1,332,9,1,0,0,71
28,0.28,1,272,4,0,1,0,33
26,0.47,0,0,8,0,0,0,11
6,0.24,1,331,1,2,1,0,62
9,0.88,0,0,6,0,0,0,53
29,0.05,0,0,2,2,0,1,10
22,0.8,0,0,6,1,1,0,47
27,0.46,1,93,9,2,0,0,39
7,0.68,1,397,8,1,1,0,83
16,0.55,0,0,9,0,0,0,45
6,0.96,0,0,1,1,1,0,52
14,0.9,1,213,1,1,0,0,55
15,0.6,1,440,6,3,1,0,84
0,0.64,0,0,6,1,0,0,43
12,0.69,0,0,7,2,0,0,60
28,0.56,0,0,3,3,0,0,28
18,0.27,1,201,5,3,0,0,75
21,0.92,1,426,4,3,0,0,65
7,0.89,1,242,4,1,0,0,72
10,0.3,0,0,2,0,1,0,19
2,0.9,0,0,0,3,1,0,50
14,0.07,1,471,6,3,1,0,72
20,0.43,0,0,1,1,1,0,10
11,0.02,0,0,3,0,1,0,27
29,0.44,0,0,2,2,1,0,12
21,0.12,1,140,4,0,0,0,32
14,0.2,0,0,3,1,1,0,38
2,0.89,0,0,5,2,0,0,64
23,0.4,0,0,1,1,1,0,18
22,0.97,0,0,6,1,0,0,40
11,0.12,0,0,0,3,1,0,28
29,0.58,1,114,6,0,0,0,24
22,0.08,0,0,0,0,0,1,10
6,0.51,1,497,2,2,1,0,71
6,0.93,1,466,4,1,0,0,71
0,0.57,1,361,2,1,0,0,49
16,0.4,1,42,5,3,0,0,54
14,0.07,1,461,2,0,1,0,39
15,0.74,1,320,2,3,0,0,71
22,0.64,0,0,8,2,0,0,39
3,0.44,1,228,5,3,1,0,95
18,0.56,1,442,2,3,1,0,69
13,0.32,0,0,6,0,0,0,30
27,0.26,0,0,3,2,0,0,16
8,0.31,1,75,9,0,0,0,50
25,0.19,1,278,1,0,1,0,18
2,0.95,0,0,3,1,1,0,57
27,0.0,0,0,9,2,0,1,14
6,0.04,1,58,3,3,0,0,59
18,0.91,0,0,8,3,1,0,75
3,0.36,0,0,4,0,0,0,34
8,0.15,1,184,3,3,0,0,48
2,0.17,0,0,8,0,1,0,34
27,0.92,0,0,5,0,0,0,32
20,0.27,1,79,7,1,0,0,48
26,0.46,1,89,6,3,0,0,41
6,0.25,1,367,7,3,0,0,75
21,0.42,0,0,0,1,1,0,26
29,0.13,1,285,8,3,0,0,45
1,0.41,0,0,9,1,1,0,50
21,0.1,1,363,6,3,1,0,71
13,0.19,1,412,1,2,1,0,58
17,0.73,0,0,7,1,1,0,55
2,0.83,1,416,0,0,0,0,52
24,0.01,1,145,1,3,0,0,24
3,0.36,0,0,9,1,0,0,43
17,0.54,0,0,8,0,0,0,33
9,0.34,1,351,5,3,1,0,86
9,0.36,1,53,3,2,1,0,61
22,0.39,0,0,8,2,1,0,34
5,0.07,1,477,1,3,0,0,49
10,0.18,0,0,2,3,0,0,24
12,0.93,1,264,8,1,0,0,82
6,0.3,1,204,1,3,0,0,47
26,0.77,1,104,4,2,1,0,63
0,0.99,0,0,2,2,0,0,55
21,0.4,1,333,3,3,0,0,46
19,0.33,0,0,2,2,1,0,28
28,0.76,0,0,9,1,0,0,25
6,0.46,1,152,7,0,0,0,59
4,0.3,1,379,1,3,1,0,69
23,0.19,1,455,9,1,0,0,56
20,0.06,1,365,5,2,0,0,58
8,0.41,0,0,3,2,0,0,35
19,0.1,0,0,2,2,0,0,27
26,0.22,0,0,9,2,0,0,24
8,0.75,1,440,7,3,0,0,83
4,0.53,0,0,2,3,0,0,44
14,0.36,0,0,1,2,0,0,29
24,0.53,1,324,4,3,0,0,50
29,0.85,1,297,5,1,1,0,74
17,0.73,1,394,6,3,1,0,97
19,0.33,1,189,6,2,0,0,59
19,0.39,1,301,6,1,1,0,77
17,0.71,0,0,8,3,1,0,65
8,0.91,1,183,4,2,1,0,78
22,0.92,0,0,5,2,0,0,47
28,0.47,1,389,6,2,1,0,60
7,0.34,0,0,6,2,0,0,40
26,0.02,1,141,5,2,1,0,42
9,0.14,0,0,0,2,1,0,25
15,0.03,1,31,8,2,1,0,61
26,0.41,0,0,8,3,1,0,40
21,0.99,1,481,0,0,0,0,44
18,0.86,1,296,0,2,0,0,46
29,0.41,1,83,2,2,0,0,20
27,0.5,0,0,6,0,0,0,11
6,0.53,0,0,3,0,1,0,40
28,0.13,0,0,4,1,1,0,11
28,0.15,0,0,1,1,0,0,10
13,0.56,0,0,4,1,0,0,44
25,0.53,1,62,3,1,1,0,40
19,0.22,1,135,6,0,0,0,50
24,0.09,0,0,6,1,0,1,18
23,0.65,1,205,6,2,1,0,69
20,0.03,0,0,2,3,1,0,26
10,0.32,0,0,0,3,0,0,27
10,0.29,0,0,0,1,1,0,19
29,0.79,0,0,7,3,1,0,49
28,0.66,1,49,6,3,1,0,60
23,0.02,1,380,7,0,1,0,51
26,0.31,0,0,8,1,1,0,27
11,0.78,0,0,9,1,1,0,69
0,0.8,0,0,6,2,0,0,49
28,0.12,1,445,8,1,1,0,39
22,0.21,1,20,4,1,1,0,41
29,0.89,0,0,8,3,1,0,48
7,0.64,1,300,3,1,0,0,66
23,0.58,1,416,1,3,0,0,44
22,0.54,1,167,6,3,0,0,56
4,0.29,0,0,7,0,0,0,31
18,0.89,1,310,5,2,0,0,80
5,0.24,0,0,4,0,1,0,41
25,0.55,1,271,1,2,1,0,37
2,0.28,0,0,2,1,0,0,15
3,0.65,0,0,1,2,1,0,45
29,0.2,0,0,9,1,0,0,10
22,0.97,1,415,2,0,1,0,58
16,0.08,1,377,5,2,1,0,69
6,0.62,1,154,0,2,1,0,69
5,0.35,0,0,7,1,1,0,49
17,0.72,1,492,1,2,1,0,79
27,0.24,0,0,9,0,0,0,16
11,0.92,1,261,6,0,0,0,80
9,0.65,0,0,4,1,0,0,43
21,0.58,1,394,0,0,1,0,41
10,0.31,0,0,6,2,1,0,52
22,0.9,0,0,6,3,0,0,50
8,0.84,0,0,5,1,1,0,63
24,0.89,1,474,0,2,1,0,51
14,0.64,1,91,7,1,1,0,77
11,0.24,1,236,4,1,0,0,56
27,0.17,0,0,5,2,0,0,24
29,0.68,0,0,1,3,1,0,23
24,0.08,0,0,9,2,1,1,26
27,0.01,1,395,4,3,1,0,40
6,0.57,1,279,6,0,0,0,66
0,0.35,0,0,8,2,0,0,43
21,0.14,0,0,7,2,1,0,41
19,0.08,1,389,1,0,0,0,17
6,0.0,0,0,5,3,1,0,56
14,0.56,0,0,5,1,0,0,47
23,0.26,0,0,9,2,1,0,41
29,0.49,1,94,9,2,1,0,53
9,0.76,1,60,9,2,0,0,77
24,0.63,1,344,1,0,1,0,33
28,0.7,1,118,2,2,1,0,49
14,0.29,0,0,4,1,1,0,47
29,0.73,1,267,8,0,0,0,34
24,0.11,0,0,8,2,1,0,32
20,0.11,1,366,6,2,0,0,50
5,0.33,0,0,1,2,1,0,30
15,0.34,0,0,5,1,1,0,49
15,0.32,1,440,4,0,0,0,42
4,0.95,1,287,8,0,1,0,92
5,0.34,1,334,7,0,1,0,71
26,0.26,1,480,4,3,0,0,45
6,0.95,0,0,0,3,1,0,57
0,0.4,1,334,1,2,0,0,53
1,0.73,1,395,0,1,0,0,51
9,0.55,0,0,7,0,0,0,33
4,0.61,0,0,0,2,1,0,41
7,0.87,0,0,1,0,0,0,29
19,0.51,1,26,2,3,1,0,45
8,0.23,1,188,0,3,1,0,51
10,0.52,1,325,6,1,1,0,77
19,0.37,0,0,0,3,0,0,15
10,0.58,0,0,7,0,1,0,61
17,0.95,1,85,9,2,1,0,92
23,0.21,0,0,9,0,0,0,17
21,0.88,1,419,6,3,1,0,95
0,0.95,1,272,9,3,1,0,100
14,0.98,0,0,0,2,0,0,37
26,0.01,1,207,2,3,1,0,34
15,0.25,1,479,2,1,0,0,55
5,0.58,1,135,4,3,0,0,65
22,0.59,1,102,9,1,0,0,49
2,0.96,0,0,0,3,1,0,52
12,0.48,0,0,9,2,1,0,63
29,0.62,0,0,1,1,0,0,10
16,0.52,0,0,8,3,1,0,63
29,0.58,0,0,8,0,0,0,14
24,0.11,0,0,1,3,0,0,11
26,0.2,1,169,0,2,1,0,23
16,0.46,1,284,6,2,1,0,78
12,0.0,0,0,0,1,0,0,10
11,0.8,0,0,7,1,1,0,65
3,0.11,1,296,5,2,1,0,70
11,0.47,1,92,8,3,1,0,82
1,0.89,0,0,6,1,0,0,48
26,1.0,1,372,4,3,1,0,76
16,0.76,0,0,0,3,1,0,46
5,0.75,1,325,9,1,0,0,79
10,0.83,0,0,9,0,1,0,63
8,0.74,0,0,0,2,0,0,23
18,0.28,1,299,3,0,1,0,55
25,0.2,0,0,3,2,0,0,10
19,0.13,0,0,9,0,0,0,17
18,0.89,1,337,8,3,1,0,99
9,0.43,1,156,3,1,0,0,51
23,0.14,1,231,2,0,1,0,30
18,0.6,1,20,1,2,0,0,36
19,0.46,0,0,4,2,0,0,28
17,0.58,0,0,7,1,0,0,46
16,0.61,1,229,9,2,0,0,66
10,0.82,1,268,5,1,0,0,81
4,0.84,1,349,9,0,1,0,86
29,0.32,0,0,8,1,1,0,22
18,0.82,1,312,2,3,0,0,64
5,0.8,0,0,6,0,0,0,54
23,0.28,1,374,5,3,1,0,63
12,0.18,0,0,5,0,0,0,30
13,0.62,0,0,6,2,1,0,71
22,0.21,1,403,9,3,0,0,56
22,0.67,0,0,6,2,1,0,46
29,0.94,0,0,6,3,0,0,36
10,0.05,1,171,9,3,0,0,64
19,0.34,1,220,6,0,1,0,52
29,0.95,1,54,6,1,1,0,57
1,0.6,0,0,7,2,1,0,62
2,0.68,1,426,0,0,0,0,46
12,0.54,1,203,9,1,1,0,74
7,0.27,0,0,0,0,0,0,10
25,0.08,0,0,0,1,0,1,10
1,0.36,1,172,3,2,0,0,46
19,0.78,1,43,4,1,0,0,56
28,0.78,0,0,1,1,0,0,10
21,0.11,0,0,6,3,1,0,38
20,0.36,0,0,1,2,0,0,10
25,0.07,0,0,9,3,1,1,25
24,0.33,0,0,4,3,0,0,36
23,0.0,0,0,7,3,0,1,27
27,0.82,1,357,3,3,0,0,55
15,0.85,0,0,9,0,1,0,59
21,0.05,0,0,1,3,1,1,18
6,0.78,0,0,8,0,1,0,59
27,0.17,0,0,0,2,1,0,10
9,0.15,1,135,2,1,1,0,43
2,0.48,1,323,3,1,1,0,68
22,0.12,1,241,1,0,0,0,24
0,0.48,0,0,6,0,1,0,48
16,1.0,0,0,8,3,0,0,65
20,0.37,0,0,9,0,0,0,24
24,0.93,1,228,7,3,1,0,74
5,0.92,0,0,1,0,1,0,49
1,0.82,0,0,4,1,0,0,45
17,0.12,1,80,1,0,1,0,34
12,0.57,0,0,6,3,0,0,53
8,0.9,1,98,8,3,0,0,85
12,0.06,1,11,1,0,1,0,22
19,0.48,0,0,7,1,1,0,39
0,0.33,0,0,4,3,1,0,61
3,0.72,1,103,4,0,1,0,71
10,0.92,0,0,1,1,1,0,47
7,0.71,0,0,6,1,0,0,46
2,0.19,0,0,7,3,1,0,50
28,0.66,1,127,7,2,0,0,44
20,0.23,0,0,2,3,0,0,18
23,0.39,0,0,9,3,0,0,32
19,0.82,0,0,0,3,1,0,41
25,0.06,1,307,7,2,0,0,51
20,0.61,1,55,1,1,1,0,41
9,0.55,0,0,4,0,1,0,51
5,0.89,1,233,3,1,0,0,68
18,0.28,1,265,6,3,0,0,61
22,0.65,0,0,5,2,0,0,45
21,0.19,1,130,2,2,0,0,33
26,0.29,1,10,5,0,1,0,38
6,0.51,1,132,8,1,1,0,74
2,0.44,1,471,1,2,1,0,57
18,0.41,1,20,0,2,1,0,40
9,0.31,1,363,9,2,0,0,67
25,0.95,1,82,0,0,0,0,34
1,0.31,0,0,0,0,1,0,19
14,0.24,1,38,0,3,0,0,36
17,0.23,1,152,3,1,0,0,45
20,0.34,0,0,3,3,0,0,33
18,0.56,1,405,5,2,1,0,84
5,0.36,1,74,0,3,1,0,51
27,0.16,1,387,8,2,1,0,46
25,0.42,0,0,0,0,0,0,10
14,0.21,0,0,9,1,0,0,34
25,0.21,0,0,2,0,1,0,10
1,0.31,0,0,5,2,1,0,50
24,0.05,1,308,3,2,0,0,37
16,0.28,0,0,7,0,1,0,45
18,0.04,1,305,9,1,1,0,61
8,0.27,1,406,9,2,0,0,68
12,0.16,1,158,8,3,1,0,74
12,0.45,1,191,5,1,0,0,61
1,0.13,0,0,0,0,0,0,10
22,0.71,1,328,9,0,0,0,59
8,0.2,1,461,1,2,0,0,43
15,0.35,1,385,4,2,0,0,64
4,0.16,1,47,7,3,0,0,62
3,0.5,1,56,6,2,1,0,76
26,0.83,1,438,7,1,0,0,58
1,0.87,1,494,3,2,1,0,85
7,0.07,1,389,5,0,0,0,51
4,0.35,0,0,3,1,1,0,36
16,0.88,0,0,5,1,1,0,66
2,0.4,1,72,4,2,0,0,62
0,0.84,1,387,4,0,1,0,69
17,0.75,1,497,9,0,1,0,73
4,0.02,1,279,0,3,1,0,43
27,0.07,0,0,0,3,0,1,10
7,0.01,1,239,1,3,0,0,41
2,0.92,0,0,8,0,1,0,62
21,0.49,1,88,1,0,0,0,28
19,0.56,0,0,3,3,0,0,46
0,0.41,0,0,2,2,1,0,45
10,0.16,1,98,1,2,0,0,40
5,0.27,0,0,8,0,0,0,41
25,0.19,1,61,0,2,1,0,18
6,0.12,0,0,2,3,0,0,22
24,0.42,1,416,1,2,1,0,38
2,0.13,0,0,9,2,1,0,50
11,0.96,0,0,6,0,0,0,45
8,0.07,0,0,1,2,0,0,18
6,0.25,1,494,6,1,1,0,66
23,0.45,1,66,6,3,0,0,53
3,0.36,1,105,6,3,1,0,77
2,0.13,0,0,2,0,0,0,18
14,0.7,0,0,6,1,1,0,60
29,0.66,1,352,8,1,0,0,38
25,0.47,1,130,0,3,1,0,32
5,0.61,0,0,0,0,1,0,29
8,0.99,1,9,6,2,0,0,86
12,0.35,0,0,8,3,0,0,49
12,0.28,1,443,1,2,0,0,41
0,0.67,0,0,6,2,1,0,68
21,0.87,1,64,4,2,0,0,62
19,0.96,1,150,6,2,1,0,81
3,0.57,1,465,7,2,1,0,89
19,0.75,1,350,8,1,1,0,80
15,0.53,1,428,7,2,1,0,85
2,0.57,0,0,1,1,0,0,21
17,0.67,1,357,3,1,1,0,73
14,0.05,1,323,6,0,0,0,54
22,0.8,1,364,8,1,1,0,68
18,0.06,1,389,3,1,1,0,50
15,0.21,1,211,5,1,0,0,64
3,0.9,0,0,9,1,0,0,51
7,0.48,0,0,7,2,1,0,59
22,0.55,1,298,7,1,0,0,55
0,0.16,1,402,5,3,1,0,76
11,0.61,1,495,5,1,1,0,80
8,0.05,1,367,4,1,0,0,55
12,0.67,0,0,5,1,1,0,52
9,0.49,1,162,7,0,1,0,83
10,0.79,1,148,6,2,0,0,76
25,0.08,0,0,2,0,0,1,10
16,0.72,1,33,3,2,0,0,60
1,0.82,1,398,6,3,0,0,100
26,0.48,1,103,5,2,0,0,44
8,0.08,1,300,9,3,1,0,83
20,0.35,1,198,2,2,0,0,45
16,0.55,1,422,0,3,1,0,63
20,0.02,0,0,3,3,1,0,26
27,0.63,0,0,2,1,0,0,10
25,0.1,0,0,0,3,1,0,14
15,0.42,1,204,3,2,1,0,64
20,0.38,0,0,1,3,1,0,40
23,0.55,0,0,1,1,1,0,15
25,0.91,1,474,6,3,0,0,70
5,0.33,1,368,3,3,0,0,73
29,0.49,0,0,8,3,0,0,15
3,0.91,0,0,2,1,1,0,62
19,0.31,0,0,0,0,0,0,10
17,0.34,0,0,4,0,0,0,32
2,0.07,1,91,9,1,1,0,56
28,0.54,1,449,4,3,1,0,72
7,0.2,0,0,3,2,1,0,45
9,0.04,0,0,3,1,1,0,31
18,0.14,1,467,6,3,1,0,77
18,0.24,1,422,7,0,0,0,52
16,0.52,0,0,3,1,1,0,41
12,0.53,1,262,9,0,1,0,76
29,0.03,0,0,3,3,1,1,13
22,0.52,0,0,4,1,0,0,25
24,0.85,0,0,9,3,0,0,50
11,0.77,0,0,0,3,0,0,40
21,0.13,0,0,9,1,0,0,20
10,0.81,1,391,3,3,0,0,75
18,0.0,0,0,4,1,0,0,19
8,0.28,0,0,0,2,0,0,26
7,0.26,1,248,9,2,0,0,74
7,0.03,0,0,9,1,1,0,40
23,0.6,1,296,0,1,1,0,43
4,0.9,0,0,3,1,1,0,57
14,0.59,0,0,3,2,0,0,42
1,0.58,0,0,6,2,0,0,46
23,0.76,1,11,2,2,0,0,52
4,0.8,0,0,3,0,0,0,35
2,0.02,1,484,2,3,0,0,47
25,0.9,1,462,8,1,1,0,71
28,0.43,1,426,0,0,0,0,10
2,0.33,1,313,9,0,1,0,67
13,0.84,0,0,8,0,0,0,54
25,0.0,1,53,1,3,0,0,17
16,0.36,0,0,9,1,1,0,50
26,0.73,0,0,8,0,1,0,29
15,0.11,1,52,2,1,1,0,48
23,0.75,0,0,3,2,1,0,38
6,0.56,1,70,7,0,0,0,53
0,0.89,1,406,5,2,1,0,100
10,0.41,1,244,4,1,0,0,58
6,0.94,0,0,3,1,0,0,48
21,0.62,1,196,0,0,0,0,29
11,0.76,0,0,1,2,1,0,39
11,0.55,1,154,8,0,1,0,80
3,0.6,1,289,4,2,1,0,79
11,0.87,0,0,9,3,0,0,74
27,0.8,1,331,3,0,1,0,47
8,0.32,1,181,3,2,0,0,57
16,0.19,1,469,8,0,0,0,52
13,0.72,1,115,4,2,1,0,73
8,0.53,1,59,2,3,1,0,78
21,0.03,0,0,4,3,0,1,23
11,0.48,1,193,4,0,0,0,62
16,0.5,0,0,3,1,1,0,45
4,0.71,1,348,6,1,1,0,88
25,0.75,1,87,4,3,0,0,55
18,0.03,0,0,1,3,1,0,18
17,0.93,0,0,3,3,1,0,51
20,0.39,0,0,9,1,0,0,28
1,0.48,1,242,9,0,0,0,62
6,0.74,0,0,9,1,1,0,58
6,0.41,1,296,5,1,1,0,81
7,0.23,0,0,6,2,1,0,50
14,0.92,0,0,4,3,0,0,53
1,0.65,1,107,2,3,0,0,65
11,0.46,1,229,5,2,1,0,78
8,0.51,1,224,1,1,1,0,50
6,0.5,0,0,5,1,0,0,43
10,0.65,0,0,0,1,1,0,33
13,0.67,0,0,1,1,0,0,41
10,0.15,1,276,4,0,1,0,51
25,0.39,0,0,5,3,1,0,39
12,0.79,1,101,5,0,0,0,69
7,0.08,1,93,2,3,0,0,46
9,0.72,0,0,6,0,0,0,43
20,0.91,1,394,5,2,0,0,76
7,0.3,0,0,7,0,0,0,26
15,0.14,0,0,5,3,1,0,61
1,0.56,0,0,3,0,1,0,45
5,0.49,0,0,1,0,1,0,30
5,0.84,1,358,1,3,0,0,62
12,0.89,0,0,5,1,0,0,56
15,0.56,1,57,0,2,1,0,48
28,0.68,0,0,9,1,1,0,25
9,0.25,1,122,4,1,0,0,45
15,0.22,1,424,1,1,1,0,57
7,0.32,0,0,3,1,1,0,34
28,0.47,1,105,8,1,1,0,44
4,0.25,1,119,6,0,1,0,59
16,0.8,0,0,7,3,1,0,65
23,0.61,0,0,9,3,0,0,39
24,0.35,0,0,4,0,1,0,16
24,0.64,1,292,3,0,1,0,49
21,0.74,0,0,7,1,1,0,52
9,0.17,0,0,3,3,0,0,43
27,0.68,0,0,4,0,0,0,10
4,0.17,1,42,9,3,0,0,64
6,0.03,1,286,1,2,0,0,48
12,0.15,0,0,8,3,1,0,53
2,0.64,1,467,8,3,1,0,85
16,0.29,1,99,7,0,0,0,55
23,0.63,0,0,9,1,1,0,50
4,0.69,0,0,5,3,1,0,78
7,0.33,0,0,6,3,1,0,61
19,1.0,0,0,6,0,1,0,59
10,0.89,1,222,1,3,1,0,68
28,0.78,0,0,5,0,1,0,34
22,0.96,0,0,7,1,0,0,45
1,0.0,0,0,5,1,1,0,37
22,0.68,0,0,5,2,1,0,50
4,0.28,1,392,2,1,0,0,53
6,0.52,1,275,3,1,0,0,61
16,0.87,0,0,9,0,1,0,56
29,0.56,1,202,0,1,0,0,13
13,0.75,0,0,4,2,0,0,48
26,0.16,0,0,7,2,0,0,24
23,0.56,0,0,4,0,0,0,22
25,0.24,0,0,3,3,1,0,29
3,0.65,0,0,0,3,0,0,28
10,0.89,0,0,3,0,1,0,59
20,0.09,1,92,8,3,1,0,57
18,0.13,1,60,1,2,0,0,31
8,0.36,1,328,8,0,0,0,60
17,0.44,1,362,4,1,1,0,71
14,0.55,0,0,4,0,1,0,44
16,0.27,1,97,1,0,1,0,44
20,0.99,0,0,8,1,1,0,63
10,0.13,0,0,2,1,0,0,20
19,0.42,1,239,3,2,1,0,68
2,0.59,0,0,5,3,0,0,57
22,0.94,0,0,0,2,1,0,48
1,0.43,0,0,3,2,1,0,46
7,0.19,0,0,5,0,1,0,33
26,0.78,0,0,0,1,0,0,10
0,0.63,0,0,2,2,0,0,40
4,0.94,0,0,8,3,0,0,67
6,0.24,1,217,5,0,1,0,62
8,0.74,1,5,9,1,0,0,59
16,0.39,0,0,4,1,0,0,31
7,0.89,0,0,2,1,1,0,50
19,0.94,0,0,4,0,1,0,41
29,0.61,1,166,5,3,0,0,55
14,0.39,1,150,1,2,0,0,40
13,0.02,1,453,5,3,0,0,63
8,0.61,0,0,8,1,1,0,62
1,0.84,0,0,1,0,0,0,26
6,0.41,0,0,1,0,1,0,29
18,0.92,0,0,7,3,0,0,57
14,0.78,1,265,2,0,0,0,54
4,0.29,1,198,2,0,1,0,51
18,0.51,1,469,9,3,1,0,79
23,0.09,1,441,9,1,0,0,37
11,0.85,0,0,6,2,0,0,56
23,0.37,0,0,1,3,0,0,10
10,0.24,1,107,5,3,0,0,69
16,0.38,0,0,0,2,1,0,30
28,0.75,1,15,9,3,0,0,55
9,0.41,1,93,8,0,0,0,64
7,1.0,0,0,6,3,1,0,71
7,0.41,0,0,6,1,1,0,47
11,0.38,1,27,8,0,0,0,56
4,0.38,1,64,1,2,0,0,40
2,0.03,0,0,6,3,0,0,39
10,0.18,0,0,7,1,0,0,37
21,0.86,1,217,7,0,1,0,78
13,0.24,0,0,1,2,0,0,21
15,0.29,1,387,5,3,1,0,79
27,0.71,1,424,2,0,1,0,44
11,0.66,1,24,3,0,1,0,62
18,0.45,1,189,6,0,0,0,53
20,0.07,0,0,8,3,1,0,31
2,0.48,0,0,7,3,1,0,62
15,0.22,1,66,3,2,0,0,51
10,0.78,0,0,0,1,0,0,27
13,0.82,0,0,0,2,0,0,35
15,0.68,1,13,3,0,1,0,57
17,0.54,0,0,2,3,1,0,48
3,0.51,0,0,6,0,1,0,47
29,0.64,1,474,2,0,0,0,32
2,0.29,1,474,1,3,0,0,45
14,0.74,1,28,6,0,0,0,62
9,0.94,0,0,7,2,1,0,61
22,0.74,1,326,4,1,0,0,63
29,0.01,1,289,5,0,0,0,27
20,0.16,1,92,4,1,0,0,38
19,0.3,0,0,7,1,0,0,28
23,0.18,1,265,3,1,1,0,48
28,0.31,0,0,9,2,1,0,25
24,0.92,0,0,1,2,1,0,38
13,0.8,0,0,0,0,0,0,27
18,0.71,0,0,6,3,1,0,61
18,0.19,0,0,7,2,1,0,46
13,0.46,0,0,4,2,1,0,50
23,0.49,0,0,9,1,0,0,25
19,0.36,0,0,4,0,1,0,28
0,0.94,1,428,7,2,0,0,99
8,0.31,1,123,7,1,1,0,75
1,0.81,1,165,1,0,1,0,61
13,0.55,1,447,2,3,1,0,75
17,0.08,0,0,3,0,0,0,10
6,0.46,1,286,3,0,1,0,61
27,0.92,0,0,4,2,0,0,23
6,0.67,0,0,6,1,1,0,64
27,0.64,0,0,6,2,1,0,42
28,0.71,1,76,4,2,0,0,38
13,0.52,0,0,6,0,0,0,44
10,0.17,0,0,1,2,0,0,22
3,0.0,1,23,7,0,0,0,39
27,0.69,1,223,5,1,1,0,58
12,0.52,1,67,1,2,0,0,50
22,0.66,1,64,9,1,0,0,46
16,0.92,1,316,7,1,0,0,90
21,0.71,0,0,2,3,0,0,31
6,0.57,1,108,2,2,0,0,58
17,0.53,1,474,8,0,0,0,67
26,0.66,0,0,6,3,1,0,47
12,0.45,1,277,4,0,0,0,49
25,0.57,0,0,9,2,1,0,50
28,0.86,0,0,1,1,0,0,16
28,0.71,1,461,3,2,1,0,52
9,0.24,1,472,9,1,0,0,59
29,0.55,0,0,3,1,0,0,10
1,0.74,0,0,3,0,1,0,47
25,0.54,0,0,9,2,0,0,30
12,0.61,0,0,5,0,1,0,55
11,0.07,1,161,9,2,1,0,62
23,0.67,1,103,4,3,0,0,59
11,0.62,1,15,1,0,1,0,58
10,0.03,1,55,7,1,1,0,55
16,0.7,0,0,2,0,1,0,54
6,0.42,1,106,2,3,1,0,61
11,0.01,0,0,3,1,1,0,31
19,0.23,0,0,6,0,0,0,24
13,0.21,0,0,6,3,0,0,46
12,0.87,0,0,2,3,1,0,60
5,0.18,1,16,9,3,1,0,69
2,0.8,1,485,7,0,1,0,80
21,0.44,0,0,4,3,0,0,29
6,0.83,1,404,6,3,1,0,100
10,0.15,0,0,3,1,0,0,24
4,0.18,0,0,0,1,0,0,11
3,0.15,0,0,6,2,0,0,34
3,0.16,1,376,2,1,1,0,61
3,0.3,0,0,3,3,1,0,46
11,0.76,0,0,2,2,1,0,50
14,0.63,0,0,6,3,0,0,51
22,0.49,0,0,0,2,1,0,24
1,0.59,1,474,2,1,1,0,74
2,0.23,0,0,8,1,0,0,28
4,0.55,1,487,0,2,1,0,55
2,0.53,0,0,3,3,1,0,59
13,0.66,1,328,7,2,1,0,82
23,0.84,0,0,9,0,1,0,42
9,0.65,1,17,8,3,1,0,81
23,0.89,0,0,4,3,0,0,35
18,0.12,1,142,0,2,0,0,30
6,0.02,0,0,3,0,0,0,10
0,0.26,1,75,9,3,1,0,65
4,0.13,1,286,9,3,1,0,71
18,0.5,1,479,1,0,0,0,46
22,0.18,0,0,1,3,1,0,18
3,0.42,0,0,4,2,0,0,38
18,0.29,0,0,2,2,1,0,35
2,0.86,0,0,8,1,0,0,55
13,0.58,0,0,7,3,0,0,50
26,0.6,0,0,7,3,1,0,52
8,0.4,0,0,5,0,1,0,47
17,0.8,1,320,0,3,0,0,65
6,0.05,0,0,9,2,1,0,45
6,0.48,1,212,7,0,0,0,65
6,0.95,1,231,8,1,0,0,85
8,0.24,1,291,0,1,1,0,45
26,0.21,0,0,2,1,0,0,10
3,0.93,1,389,8,3,0,0,96
29,0.8,0,0,8,0,1,0,25
23,0.34,0,0,4,1,1,0,22
10,0.22,0,0,1,2,1,0,31
8,0.27,1,235,2,2,1,0,57
6,0.19,0,0,6,3,0,0,42
0,0.18,0,0,5,1,0,0,33
20,0.77,0,0,6,3,1,0,64
6,0.31,1,381,9,1,0,0,64
26,0.22,0,0,7,2,0,0,21
12,0.73,0,0,8,0,1,0,54
25,0.11,1,337,3,3,0,0,37
19,0.05,0,0,1,1,0,0,10
8,0.01,0,0,7,3,1,0,52
26,0.4,1,281,1,1,1,0,28
16,0.61,0,0,4,1,1,0,53
17,0.89,1,205,5,2,1,0,97
27,0.84,0,0,4,1,0,0,26
12,0.99,0,0,3,3,1,0,70
29,0.28,0,0,5,0,0,0,10
7,0.9,1,146,2,1,1,0,77
17,0.72,1,44,5,0,0,0,58
8,0.1,0,0,0,3,0,0,15
15,0.87,0,0,8,2,1,0,71
13,0.01,1,432,0,2,0,0,27
20,0.52,0,0,8,1,0,0,39
8,0.47,0,0,7,3,1,0,59
13,0.05,1,482,3,2,1,0,58
28,0.65,0,0,8,1,0,0,23
2,0.3,1,472,3,0,1,0,59
12,0.35,0,0,1,3,1,0,41
9,0.66,1,182,3,1,1,0,66
21,0.35,1,112,4,2,0,0,52
15,0.05,0,0,9,2,0,0,39
10,0.85,0,0,0,3,1,0,53
10,0.59,1,14,4,2,0,0,64
9,0.49,1,319,5,2,1,0,82
19,0.97,0,0,2,3,0,0,45
6,0.17,1,103,8,1,1,0,60
15,0.08,0,0,5,1,1,0,36
8,0.11,1,297,9,1,1,0,74
18,0.46,0,0,5,1,0,0,45
9,0.21,1,256,5,1,1,0,72
19,0.39,0,0,3,0,0,0,17
24,0.41,1,411,8,1,1,0,57
21,0.29,1,464,0,0,0,0,26
25,0.56,1,338,8,2,0,0,55
3,0.77,0,0,4,1,0,0,49
15,0.83,1,337,8,2,0,0,75
11,0.52,1,317,3,0,0,0,54
28,0.61,1,405,1,3,0,0,40
27,0.74,1,227,4,2,0,0,52
10,0.42,1,471,6,3,1,0,88
24,0.08,0,0,3,1,1,1,17
27,0.47,1,59,2,3,0,0,34
2,0.65,1,171,1,2,1,0,60
13,0.78,0,0,0,1,1,0,35
23,0.65,1,203,4,3,1,0,70
28,0.37,0,0,8,3,0,0,21
14,0.02,0,0,8,1,1,0,32
21,0.38,0,0,2,3,0,0,17
15,0.18,0,0,0,3,1,0,37
20,0.21,1,10,2,3,1,0,55
18,0.4,1,85,0,0,1,0,37
16,0.11,0,0,5,2,1,0,47
7,0.21,1,48,8,2,0,0,52
23,0.06,0,0,5,3,1,1,31
4,0.51,1,360,5,3,0,0,84
9,0.81,0,0,3,1,0,0,51
23,0.11,1,257,4,1,0,0,34
21,0.05,0,0,6,0,0,1,11
1,0.35,0,0,2,3,0,0,36
13,0.2,0,0,1,2,0,0,14
20,0.2,0,0,1,2,0,0,10
1,0.88,0,0,7,0,0,0,45
2,0.88,1,290,6,0,1,0,81
3,0.57,1,344,6,0,0,0,73
10,0.33,1,142,2,2,1,0,63
1,0.83,1,43,6,1,0,0,74
25,0.35,0,0,7,0,1,0,16
20,0.71,0,0,1,3,0,0,30
3,0.96,0,0,6,1,1,0,73
14,0.24,1,325,5,0,1,0,64
25,0.48,0,0,1,1,1,0,23
23,0.73,0,0,1,0,1,0,20
2,0.42,0,0,3,0,1,0,40
6,0.11,1,165,6,2,0,0,67
24,0.9,0,0,8,2,0,0,45
18,0.41,0,0,6,2,0,0,40
3,0.63,0,0,9,3,1,0,71
24,0.3,1,242,2,3,0,0,40
19,0.09,1,384,8,2,0,0,54
26,0.38,1,415,1,1,0,0,22
4,0.94,0,0,3,0,0,0,38
12,0.25,1,343,6,3,0,0,67
23,0.82,1,107,3,1,1,0,59
14,0.85,0,0,3,0,1,0,54
28,0.9,1,461,5,1,0,0,55
27,0.35,0,0,3,1,0,0,10
26,0.89,0,0,5,0,0,0,32
20,0.41,1,339,5,2,0,0,55
17,0.25,0,0,2,3,1,0,45
28,0.74,1,127,4,3,1,0,67
14,0.65,1,281,7,1,0,0,71
15,0.78,1,250,6,0,0,0,78
22,0.69,1,243,0,2,1,0,54
16,0.81,1,288,6,3,0,0,84
6,0.26,1,314,7,1,0,0,58
2,0.02,0,0,5,0,0,0,32
3,0.41,1,313,2,1,0,0,49
9,0.33,0,0,5,0,1,0,45
12,0.69,0,0,1,3,0,0,49
0,0.75,0,0,9,2,0,0,60
1,0.66,0,0,2,1,1,0,42
3,0.05,0,0,6,1,1,0,32
17,0.72,0,0,8,2,0,0,57
23,0.13,0,0,7,0,1,0,16
23,0.88,0,0,5,2,1,0,52
23,0.93,1,380,4,1,0,0,65
21,0.79,0,0,0,1,0,0,18
5,0.94,0,0,8,1,1,0,72
19,0.58,1,479,5,2,0,0,73
23,0.23,0,0,5,0,1,0,24
19,0.37,0,0,5,2,1,0,42
28,0.66,1,171,1,3,0,0,25
27,0.11,0,0,1,0,1,0,10
20,0.65,0,0,0,2,0,0,15
6,0.09,1,275,8,2,0,0,46
25,0.83,0,0,5,2,0,0,39
20,0.46,0,0,5,3,0,0,51
3,0.39,1,146,2,3,0,0,59
28,0.47,0,0,8,3,1,0,40
10,0.21,1,178,0,3,0,0,46
27,0.49,1,246,6,2,0,0,49
3,0.16,0,0,2,0,1,0,27
5,0.5,1,259,9,0,0,0,54
28,0.87,0,0,6,1,0,0,23
9,0.54,0,0,1,2,1,0,45
11,0.09,0,0,7,0,0,0,17
3,0.64,1,451,7,2,0,0,86
18,0.45,0,0,2,3,0,0,33
4,0.87,1,434,5,0,0,0,73
20,0.66,0,0,7,2,1,0,58
13,0.93,1,36,8,0,0,0,72
14,0.84,0,0,5,2,1,0,68
14,0.44,1,373,2,3,0,0,74
8,0.64,0,0,9,3,1,0,71
22,0.15,0,0,9,1,0,0,21
22,0.17,0,0,4,0,0,0,10
13,0.14,1,226,5,1,0,0,68
18,0.67,0,0,6,3,0,0,63
25,0.65,0,0,3,2,0,0,22
3,0.82,1,462,0,0,0,0,51
21,0.45,1,347,3,0,1,0,54
0,0.14,0,0,6,3,0,0,35
19,0.37,0,0,9,0,1,0,30
16,0.36,0,0,0,3,1,0,43
0,0.88,0,0,8,0,0,0,61
5,0.25,0,0,6,3,0,0,43
7,0.38,1,51,0,2,1,0,48
12,0.62,0,0,0,1,0,0,30
11,0.7,0,0,7,3,1,0,72
18,0.24,1,485,2,2,0,0,56
1,0.82,0,0,8,3,0,0,64
10,0.95,0,0,4,0,1,0,56
9,0.19,0,0,8,3,1,0,57
9,0.34,0,0,7,1,1,0,47
21,0.08,0,0,6,0,1,1,25
11,0.76,1,201,2,1,1,0,82
18,0.47,1,306,1,0,1,0,48
28,0.66,1,97,0,2,1,0,38
21,0.36,1,129,3,3,1,0,50
5,0.9,0,0,6,0,1,0,60
13,0.29,0,0,6,0,1,0,43
23,0.65,1,245,9,3,1,0,76
17,0.8,1,434,3,0,1,0,69
12,0.75,1,395,7,2,0,0,78
3,0.77,0,0,8,2,1,0,70
20,0.09,0,0,2,2,1,0,30
4,0.22,0,0,1,3,0,0,26
7,0.58,1,19,7,0,0,0,57
20,0.68,0,0,7,3,0,0,48
22,0.96,0,0,9,2,0,0,55
13,0.47,0,0,9,1,1,0,55
16,0.98,0,0,0,3,0,0,43
16,0.28,0,0,8,3,0,0,48
3,0.58,0,0,7,0,0,0,42
15,0.56,1,402,2,3,0,0,55
4,0.21,0,0,4,0,0,0,26
14,0.95,0,0,1,0,1,0,35
23,0.39,1,483,0,0,0,0,29
6,0.22,1,234,2,2,1,0,56
22,0.01,0,0,4,3,0,1,26
0,0.68,1,286,6,2,1,0,84
19,0.0,1,33,9,0,1,0,40
1,0.88,1,326,1,2,1,0,71
24,0.56,0,0,7,0,1,0,34
2,0.79,0,0,7,1,0,0,58
15,0.08,0,0,0,0,0,0,10
5,0.38,0,0,9,3,0,0,47
29,0.68,0,0,8,0,0,0,21
15,0.85,0,0,0,2,1,0,44
13,0.15,0,0,8,0,0,0,28
3,0.96,0,0,1,0,0,0,31
8,0.41,1,490,5,0,0,0,57
11,0.04,0,0,8,3,0,0,47
21,0.54,1,343,2,3,0,0,51
5,0.15,1,114,5,0,1,0,55
27,0.31,0,0,1,2,0,0,10
11,0.97,0,0,6,1,1,0,70
14,0.07,1,391,3,3,1,0,69
17,0.03,1,34,8,2,0,0,51
11,0.94,0,0,8,3,0,0,74
4,0.69,0,0,7,0,0,0,51
9,0.45,0,0,6,2,1,0,61
19,0.18,1,11,7,2,1,0,61
24,0.58,1,263,9,3,0,0,60
13,0.96,0,0,8,3,0,0,70
8,0.48,0,0,1,1,1,0,38
19,0.86,0,0,3,3,0,0,54
23,0.37,0,0,2,3,1,0,29
29,0.07,1,188,2,1,1,0,23
7,0.14,1,360,2,0,1,0,47
4,0.86,0,0,5,3,1,0,76
20,0.91,0,0,5,2,1,0,63
4,0.81,0,0,4,2,0,0,54
19,0.92,0,0,7,1,1,0,62
7,0.32,0,0,2,0,1,0,25
11,0.49,0,0,3,3,0,0,40
4,0.47,1,76,3,1,0,0,46
0,0.57,0,0,0,3,1,0,48
0,0.95,1,388,6,1,0,0,81
4,0.84,0,0,8,0,0,0,51
23,0.33,1,401,9,2,1,0,73
19,0.25,1,210,2,0,1,0,44
22,0.98,0,0,3,3,0,0,47
20,0.95,0,0,4,0,1,0,47
24,0.03,1,195,6,1,1,0,42
6,0.71,0,0,4,3,1,0,62
5,0.81,1,444,2,3,0,0,75
5,0.81,0,0,2,2,1,0,49
2,0.48,0,0,2,3,0,0,33
27,0.23,0,0,2,2,0,0,10
9,0.28,1,26,2,1,0,0,35
19,0.18,0,0,1,0,1,0,10
4,0.01,1,180,8,3,1,0,71
6,0.55,1,450,0,1,0,0,45
5,0.63,0,0,4,2,1,0,60
0,0.77,0,0,5,3,1,0,64
28,0.11,1,215,3,3,0,0,25
16,0.45,1,239,7,3,1,0,86
0,0.17,0,0,4,1,0,0,37
13,0.81,0,0,9,0,1,0,73
3,0.35,0,0,3,3,1,0,39
3,0.98,0,0,2,1,1,0,50
20,0.0,1,92,5,3,1,0,55
20,0.91,0,0,5,0,0,0,43
27,0.0,0,0,1,3,0,1,10
8,0.75,0,0,6,0,1,0,66
16,0.22,0,0,5,2,1,0,47
17,0.57,0,0,0,1,0,0,10
11,0.65,1,20,4,3,0,0,67
15,0.09,1,354,9,1,0,0,47
22,0.98,0,0,6,0,1,0,56
10,0.85,0,0,9,1,0,0,64
14,0.54,1,440,5,0,0,0,71
18,0.92,1,150,2,2,0,0,62
17,0.6,0,0,3,1,1,0,47
28,0.83,0,0,1,0,0,0,10
12,0.49,0,0,5,0,0,0,43
5,0.49,0,0,4,2,1,0,54
0,0.41,0,0,5,3,0,0,54
4,0.75,1,499,9,3,1,0,93
1,0.64,0,0,3,3,0,0,63
9,0.13,0,0,6,1,0,0,36
28,0.13,1,394,0,1,1,0,17
4,0.11,0,0,1,1,1,0,19
2,0.42,1,341,9,0,1,0,76
2,0.88,1,462,4,2,0,0,85
20,0.94,0,0,8,0,1,0,57
28,0.69,1,229,8,1,0,0,50
26,0.77,1,376,5,0,1,0,59
15,0.06,1,224,4,3,1,0,75
27,0.07,1,108,9,0,0,0,16
13,0.72,0,0,7,3,0,0,53
12,0.45,1,375,4,0,1,0,64
1,0.3,0,0,9,3,0,0,51
14,0.31,0,0,4,2,1,0,44
15,0.8,1,437,0,1,0,0,61
11,0.81,0,0,0,1,1,0,40
2,0.29,1,378,6,0,0,0,56
18,0.88,0,0,8,0,1,0,56
24,0.97,0,0,2,0,1,0,34
7,0.09,0,0,1,1,1,0,15
0,0.77,1,43,2,0,0,0,45
20,0.67,0,0,1,2,1,0,36
14,0.96,1,49,0,0,0,0,46
4,0.37,1,241,1,2,1,0,54
6,0.46,0,0,9,3,0,0,52
5,0.18,0,0,9,0,1,0,39
15,0.05,0,0,2,2,1,0,38
16,0.16,1,51,0,3,1,0,41
12,0.31,0,0,5,1,1,0,43
17,0.37,1,179,0,0,0,0,26
14,0.98,1,307,4,3,0,0,91
26,0.34,1,315,1,0,0,0,14
2,0.54,1,75,5,2,0,0,67
3,0.4,1,48,8,1,0,0,59
6,0.72,0,0,6,0,1,0,63
16,0.86,0,0,3,0,1,0,51
18,0.86,1,342,4,3,1,0,88
18,0.35,1,459,0,0,0,0,34
7,0.89,0,0,7,0,0,0,46
13,0.53,1,318,1,0,1,0,53
28,0.81,0,0,2,1,1,0,32
25,0.54,1,400,1,3,1,0,52
12,0.11,1,347,7,3,1,0,64
12,0.98,1,212,1,3,0,0,69
28,0.01,0,0,8,0,1,1,10
19,0.98,0,0,1,3,1,0,56
18,0.11,0,0,8,2,1,0,41
29,0.84,1,320,2,2,1,0,57
20,0.43,0,0,2,2,1,0,33
12,0.14,1,123,0,0,0,0,29
27,0.27,1,349,1,3,0,0,30
9,0.14,0,0,2,3,1,0,31
12,0.05,0,0,7,1,1,0,39
19,0.71,1,163,7,1,1,0,70
9,0.69,0,0,4,1,0,0,48
9,0.85,1,479,4,2,1,0,100
10,0.2,0,0,0,1,0,0,13
23,0.96,0,0,5,3,0,0,54
26,0.65,0,0,4,3,0,0,31
23,0.38,1,447,3,3,0,0,33
2,0.45,0,0,4,1,1,0,45
19,0.73,1,392,3,1,1,0,76
7,0.31,1,325,3,1,0,0,57
6,0.6,1,141,6,0,0,0,65
4,0.74,0,0,9,0,0,0,34
3,0.14,1,495,7,3,0,0,70
13,0.46,0,0,7,2,0,0,45
16,0.85,1,415,1,3,0,0,73
27,0.13,0,0,6,0,1,0,14
0,0.55,1,34,4,3,0,0,69
15,0.19,0,0,1,1,1,0,28
15,0.62,0,0,7,2,0,0,54
8,0.85,1,419,8,2,0,0,87
26,0.24,1,303,5,2,1,0,60
14,0.89,1,221,7,0,1,0,76
28,0.37,1,199,4,3,0,0,35
3,0.24,1,178,9,0,1,0,63
24,0.6,1,465,7,3,0,0,60
25,0.5,0,0,2,0,0,0,10
7,0.87,1,437,3,2,1,0,79
0,0.33,1,27,1,0,1,0,31
2,0.47,0,0,1,3,1,0,51
29,0.06,0,0,9,0,1,1,10
6,0.69,0,0,7,3,0,0,58
1,0.17,0,0,2,0,1,0,23
14,0.62,1,207,5,3,1,0,86
5,0.29,1,419,0,3,0,0,41
25,0.66,0,0,3,3,1,0,46
19,0.93,0,0,4,1,0,0,45
2,0.4,0,0,6,3,0,0,54
1,0.09,0,0,3,0,1,0,24
5,0.17,1,488,3,3,0,0,67
24,0.75,1,379,4,3,1,0,62
12,0.31,0,0,8,1,0,0,32
3,0.91,0,0,1,3,1,0,55
28,0.0,0,0,1,1,1,1,10
2,0.51,0,0,5,0,0,0,48
14,0.88,0,0,7,2,0,0,61
3,0.62,1,359,0,1,1,0,62
28,0.66,0,0,8,0,0,0,13
11,1.0,1,363,7,1,1,0,100
22,0.98,1,202,9,0,1,0,64
5,0.55,1,363,4,3,1,0,86
13,0.4,1,364,9,3,0,0,78
17,0.96,1,124,5,0,1,0,78
29,0.54,0,0,8,0,0,0,10
21,0.93,0,0,7,0,0,0,40
25,0.75,0,0,6,3,0,0,43
16,0.92,0,0,8,2,1,0,70
16,0.11,1,79,3,1,0,0,34
22,0.68,0,0,0,3,0,0,29
11,0.07,1,79,3,1,1,0,49
29,0.57,0,0,5,2,1,0,27
21,0.81,1,51,0,1,1,0,49
12,0.77,0,0,9,3,1,0,69
22,0.9,1,353,7,1,1,0,83
15,0.2,0,0,3,1,0,0,17
3,0.88,1,350,0,0,1,0,66
6,0.85,1,437,7,2,0,0,89
0,0.92,1,462,9,0,1,0,88
9,0.46,1,146,2,0,1,0,50
29,0.03,1,186,1,2,1,0,19
7,0.02,0,0,8,1,1,0,41
13,0.29,0,0,0,0,1,0,14
19,0.16,0,0,3,2,0,0,25
3,0.95,1,373,9,0,1,0,87
14,0.43,1,191,7,3,0,0,66
0,0.59,1,275,2,0,1,0,67
14,0.33,0,0,6,2,0,0,50
4,0.29,0,0,1,3,1,0,29
15,0.22,1,369,3,2,0,0,57
1,0.49,1,293,6,1,1,0,74
11,0.54,1,115,3,1,0,0,61
29,0.97,0,0,2,0,1,0,20
11,0.97,1,240,6,0,0,0,70
25,0.27,0,0,7,0,0,0,14
5,0.06,0,0,1,0,1,0,11
20,0.62,0,0,5,0,0,0,35
8,0.58,0,0,7,3,1,0,63
25,0.72,0,0,3,2,0,0,24
29,0.07,1,489,5,2,1,0,52
14,0.92,0,0,2,2,1,0,54
16,0.14,0,0,5,3,1,0,61
24,0.91,0,0,9,2,0,0,40
5,0.05,0,0,9,1,1,0,49
2,0.64,1,242,9,0,0,0,64
4,0.23,0,0,7,0,0,0,26
26,0.79,0,0,3,1,0,0,13
22,0.91,1,420,3,3,0,0,63
24,0.18,0,0,0,0,0,0,10
8,0.21,0,0,7,0,0,0,41
25,0.5,1,359,2,0,1,0,45
9,0.97,0,0,5,2,0,0,63
19,0.08,1,193,9,0,0,0,35
1,0.71,0,0,7,2,0,0,56
9,0.23,1,261,3,3,0,0,58
13,0.16,0,0,4,0,0,0,20
2,0.76,0,0,9,1,0,0,53
16,0.81,1,275,3,2,0,0,71
23,0.62,1,78,5,1,1,0,55
16,0.68,0,0,1,2,0,0,35
12,0.16,0,0,3,0,0,0,19
15,0.39,0,0,1,2,0,0,19
17,0.26,1,480,4,0,1,0,65
6,0.18,1,173,4,3,1,0,69
14,0.25,1,239,3,3,1,0,71
9,0.17,0,0,7,3,0,0,47
19,0.25,0,0,3,1,0,0,21
0,0.61,1,264,9,2,0,0,70
13,0.8,1,327,4,2,0,0,80
22,0.86,0,0,1,2,0,0,22
7,0.59,1,268,5,3,0,0,75
9,0.45,0,0,2,0,0,0,21
6,0.34,1,189,4,2,1,0,69
8,0.08,0,0,0,1,1,0,16
7,0.87,0,0,2,1,1,0,56
13,0.82,1,39,8,0,1,0,74
13,0.61,1,241,9,0,0,0,68
6,0.98,0,0,7,3,0,0,75
11,0.02,0,0,9,2,1,0,46
20,0.76,0,0,9,1,1,0,54
0,0.53,1,19,4,1,1,0,69
16,0.78,0,0,1,1,0,0,38
28,0.14,0,0,8,3,1,0,29
0,0.45,0,0,7,3,1,0,68
9,0.61,0,0,1,3,0,0,36
19,0.51,0,0,8,2,1,0,48
24,0.35,0,0,5,1,0,0,27
0,0.25,0,0,1,1,1,0,28
13,0.58,0,0,2,2,0,0,35
22,0.07,0,0,2,0,1,1,10
4,0.61,0,0,1,1,0,0,27
10,0.28,0,0,1,1,0,0,17
15,0.3,1,57,7,2,0,0,57
28,0.39,1,184,8,0,0,0,25
28,0.7,0,0,8,0,1,0,29
22,0.05,0,0,8,2,1,1,32
0,0.45,1,284,2,3,0,0,64
23,0.51,0,0,5,1,1,0,31
12,0.06,1,66,3,2,1,0,50
28,0.01,0,0,6,0,0,1,10
17,0.23,1,317,9,2,1,0,76
7,0.83,1,168,3,2,0,0,71
13,0.97,1,347,4,3,0,0,99
8,0.01,1,293,1,0,1,0,38
2,0.77,0,0,4,3,0,0,52
1,0.86,1,14,1,1,1,0,60
18,0.43,0,0,0,0,1,0,19
25,0.4,1,68,4,2,0,0,41
2,0.62,1,173,5,3,1,0,80
13,0.39,1,362,5,0,1,0,67
20,0.38,0,0,6,2,1,0,49
29,0.73,1,28,2,1,1,0,30
14,0.82,0,0,9,2,0,0,63
1,0.95,1,38,8,0,1,0,85
10,0.58,1,445,7,1,1,0,85
3,0.62,1,270,3,0,1,0,57
2,0.38,1,484,4,2,0,0,65
0,0.93,0,0,0,1,0,0,25
23,0.91,0,0,1,3,0,0,30
11,0.86,1,441,5,0,0,0,70
2,0.53,1,276,7,2,1,0,90
2,0.5,1,324,1,1,0,0,55
3,0.87,1,39,5,1,1,0,77
11,0.69,0,0,9,2,0,0,57
16,0.58,0,0,6,1,0,0,48
5,0.18,1,251,8,2,0,0,74
23,0.56,0,0,8,1,1,0,37
24,0.99,1,86,8,0,0,0,57
6,0.56,1,100,7,2,1,0,78
6,0.5,1,377,2,1,1,0,62
16,0.48,0,0,7,1,1,0,52
25,0.68,1,137,3,2,1,0,65
5,0.64,0,0,5,0,1,0,49
2,0.57,1,446,5,2,1,0,84
3,0.28,1,200,7,1,0,0,57
22,0.45,0,0,0,2,1,0,28
11,0.79,0,0,3,1,1,0,52
15,0.22,0,0,8,1,0,0,38
27,0.88,0,0,5,2,1,0,40
21,0.34,0,0,9,2,0,0,26
24,0.6,1,311,6,1,0,0,50
24,0.46,1,367,0,0,1,0,32
24,0.42,1,9,0,1,0,0,10
26,0.84,0,0,6,2,0,0,44
11,0.12,0,0,9,0,0,0,29
23,0.69,1,36,6,0,0,0,45
20,1.0,0,0,7,1,0,0,50
26,0.68,1,449,6,1,1,0,63
12,0.2,1,392,1,0,1,0,40
2,0.09,0,0,9,0,1,0,37
3,0.13,0,0,4,2,1,0,42
21,0.44,0,0,8,3,0,0,48
8,0.4,0,0,9,3,1,0,62
15,0.67,0,0,9,2,1,0,62
17,0.48,1,441,6,3,1,0,83
27,0.31,0,0,2,2,0,0,10
21,0.18,1,148,3,1,0,0,25
28,0.97,0,0,1,1,0,0,17
1,0.4,0,0,5,1,0,0,45
6,0.66,1,178,8,0,1,0,68
9,0.48,1,65,1,2,1,0,50
12,0.22,0,0,9,2,0,0,37
6,0.88,1,261,1,0,1,0,57
20,0.31,0,0,1,2,0,0,10
13,0.2,1,13,2,2,0,0,32
13,0.94,0,0,4,0,1,0,53
21,0.47,0,0,0,3,1,0,23
24,0.57,1,46,7,1,0,0,52
29,0.88,1,153,3,3,0,0,52
26,0.62,0,0,6,0,1,0,31
9,0.15,0,0,9,3,1,0,45
26,0.73,1,458,1,3,1,0,62
4,0.5,0,0,3,2,0,0,44
11,0.6,1,54,6,3,1,0,85
19,0.59,1,177,1,3,0,0,45
28,0.75,1,389,1,0,1,0,32
8,0.9,1,422,7,1,0,0,86
18,0.13,0,0,6,1,0,0,19
14,0.71,1,244,8,2,1,0,83
7,0.1,1,300,0,2,1,0,44
7,0.5,1,325,2,2,1,0,67
16,0.75,1,384,9,3,1,0,100
20,0.69,0,0,2,3,1,0,39
6,0.14,1,329,6,0,0,0,57
14,0.22,0,0,6,0,0,0,31
13,0.63,1,387,4,3,1,0,85
22,0.43,1,35,1,3,1,0,50
5,0.24,0,0,6,2,0,0,42
18,0.51,0,0,7,2,1,0,53
12,0.32,0,0,4,3,1,0,63
16,0.66,1,345,3,2,1,0,72
12,0.77,0,0,3,2,1,0,64
11,0.72,1,496,7,0,1,0,81
27,0.08,1,273,3,2,1,0,40
3,0.99,0,0,9,0,0,0,60
5,0.53,0,0,2,0,1,0,30
29,0.82,1,496,7,0,0,0,57
18,0.91,1,96,0,1,0,0,41
5,0.3,1,111,4,2,1,0,70
0,0.19,1,54,1,1,1,0,51
3,0.49,1,98,2,2,1,0,64
29,0.43,1,404,7,3,0,0,42
3,0.49,1,122,2,0,1,0,50
9,0.8,1,246,3,3,0,0,69
3,0.04,1,200,1,2,1,0,51
23,0.71,0,0,9,2,0,0,35
6,0.59,1,72,5,1,0,0,60
14,0.76,1,406,5,3,0,0,87
20,0.03,1,337,3,3,1,0,55
12,0.43,1,349,8,2,0,0,78
16,0.4,1,160,0,1,1,0,42
25,0.34,1,434,5,2,1,0,55
19,0.01,0,0,7,1,0,0,22
10,0.37,0,0,4,3,1,0,51
11,0.03,0,0,4,3,1,0,34
15,0.67,0,0,4,0,0,0,40
12,0.89,0,0,2,3,1,0,68
17,0.41,0,0,9,3,1,0,64
29,0.91,1,213,0,0,1,0,26
22,0.05,1,92,9,3,1,0,61
2,0.57,1,481,8,0,0,0,68
8,0.56,1,138,0,2,1,0,63
10,0.22,0,0,1,3,1,0,39
22,0.0,1,159,5,0,0,0,39
7,0.61,1,461,0,1,1,0,59
2,0.7,0,0,0,0,0,0,21
12,0.13,1,75,6,1,0,0,53
23,0.54,0,0,5,3,1,0,53
23,0.17,0,0,0,0,1,0,10
24,0.62,1,281,4,2,1,0,62
11,0.13,1,297,3,1,1,0,53
0,0.95,0,0,3,1,0,0,44
2,0.93,1,265,4,3,0,0,89
5,0.89,0,0,3,0,0,0,39
1,0.92,1,379,7,1,0,0,91
23,0.32,0,0,6,3,1,0,47
16,0.67,1,395,8,0,1,0,77
29,0.32,0,0,4,3,0,0,10
14,0.38,1,43,3,1,1,0,55
14,0.85,1,153,2,3,0,0,62
11,0.73,1,349,3,2,1,0,79
24,0.42,0,0,0,3,0,0,10
28,0.84,1,122,8,0,0,0,39
26,0.83,0,0,0,1,1,0,10
25,0.62,0,0,7,1,1,0,29
16,0.28,0,0,2,3,1,0,46
20,0.03,1,0,4,0,1,0,36
18,0.14,1,385,3,2,0,0,57
26,0.28,1,373,9,1,0,0,41
23,0.79,0,0,6,0,0,0,28
10,0.37,1,54,5,0,0,0,51
21,0.52,1,90,4,0,0,0,39
28,0.83,1,68,5,0,1,0,45
23,0.02,0,0,9,3,0,1,23
22,0.55,1,182,5,2,0,0,63
11,0.43,1,208,4,2,1,0,70
24,0.84,0,0,8,2,0,0,36
4,0.87,0,0,8,3,0,0,67
15,0.02,1,133,4,0,1,0,45
16,0.98,1,68,7,2,1,0,85
8,0.75,0,0,0,0,0,0,22
4,0.42,1,340,6,2,0,0,78
28,0.49,1,119,0,2,0,0,16
2,0.9,1,180,3,1,0,0,71
8,0.0,0,0,3,2,1,0,31
14,0.95,1,394,4,0,1,0,92
8,0.27,1,345,2,0,0,0,32
18,0.08,0,0,1,2,1,0,19
10,0.8,1,40,7,3,1,0,82
19,0.18,0,0,9,2,0,0,34
1,0.58,0,0,4,2,1,0,52
22,0.54,1,485,4,1,1,0,57
6,0.09,0,0,3,1,1,0,24
7,0.17,1,136,6,2,1,0,65
10,0.91,1,252,8,1,1,0,84
17,0.3,0,0,3,3,1,0,42
12,0.19,0,0,1,0,1,0,19
9,0.41,0,0,3,2,0,0,44
17,0.55,0,0,6,3,0,0,50
1,0.72,0,0,3,1,0,0,49
0,0.21,1,82,5,3,1,0,79
8,0.94,0,0,8,0,0,0,60
5,0.44,1,424,0,2,0,0,47
8,0.08,0,0,9,3,1,0,59
4,0.25,0,0,5,3,0,0,48
22,0.78,0,0,5,3,1,0,59
10,0.75,0,0,3,1,1,0,54
3,0.7,0,0,1,0,0,0,35
27,0.82,0,0,1,2,1,0,25
3,0.01,1,191,9,1,0,0,50
4,0.83,1,493,8,3,1,0,99
10,0.25,0,0,4,3,1,0,51
10,0.22,1,145,9,3,1,0,81
25,0.28,0,0,7,3,1,0,50
3,0.47,1,399,0,1,1,0,55
12,0.77,1,212,1,3,0,0,57
26,0.99,1,17,1,3,1,0,55
4,0.93,1,424,6,3,1,0,89
17,0.23,0,0,8,2,1,0,43
8,0.17,0,0,2,0,1,0,20
2,0.04,0,0,9,3,0,0,48
21,0.52,0,0,3,3,1,0,36
27,0.26,1,418,3,0,1,0,24
6,0.86,1,57,9,0,1,0,81
14,0.07,1,474,6,1,1,0,61
26,0.42,0,0,3,1,0,0,13
7,0.76,0,0,7,3,1,0,72
5,0.57,1,157,6,3,0,0,77
1,0.76,0,0,1,0,1,0,42
11,0.46,0,0,3,2,0,0,34
24,0.09,0,0,9,0,0,1,11
28,0.45,0,0,6,3,0,0,36
0,0.11,0,0,4,3,1,0,55
23,0.39,0,0,4,2,0,0,27
24,0.14,1,486,1,2,0,0,34
7,0.62,1,14,3,0,0,0,53
11,0.25,0,0,4,1,1,0,48
25,0.88,0,0,4,1,1,0,46
25,0.43,0,0,8,1,1,0,33
29,0.9,0,0,5,1,1,0,35
4,0.49,1,63,5,0,0,0,57
24,0.45,0,0,4,2,0,0,23
3,0.31,0,0,1,0,0,0,14
