exp_count,avg_tenure,has_senior_title,has_junior_title,gap_years,promotions,score
6,4.1,0,0,2.3,4,51
7,2.0,1,1,2.0,4,61
1,3.7,1,1,0.0,3,49
5,0.5,0,0,1.6,1,14
2,2.2,1,1,1.4,4,41
6,0.6,0,1,1.7,1,20
8,0.6,1,1,0.7,3,59
2,4.6,1,1,2.0,1,32
5,1.4,1,1,0.1,1,47
7,3.1,1,0,2.9,4,72
1,2.9,1,1,2.9,3,27
0,0.6,0,1,1.2,2,10
2,3.7,0,0,2.3,4,35
6,4.3,1,1,0.3,4,80
2,3.2,1,0,1.7,2,47
0,3.7,0,0,0.8,2,20
8,3.7,1,1,1.3,2,66
3,3.0,1,1,0.4,4,58
3,4.7,0,0,2.1,3,41
3,4.5,0,1,2.4,3,31
8,1.9,0,0,0.7,0,36
6,1.2,0,0,1.5,0,23
2,1.7,1,0,0.5,0,30
9,4.8,1,0,1.5,0,61
4,1.8,0,0,1.8,1,18
0,3.4,1,1,1.6,1,28
5,1.6,1,0,2.3,2,50
4,3.3,1,1,1.6,0,35
8,1.9,1,1,0.1,3,63
9,2.8,0,1,1.9,3,41
8,3.6,1,0,2.8,0,59
1,4.7,1,1,0.8,3,54
9,4.9,1,1,0.8,0,62
8,1.8,0,1,2.5,3,40
7,2.3,0,1,2.6,0,22
1,1.2,1,1,2.1,4,30
8,1.3,1,0,1.5,3,70
2,3.5,0,1,0.3,2,24
5,1.7,1,1,2.9,4,53
1,2.1,0,1,2.0,0,10
4,1.5,1,0,1.7,0,25
5,2.2,0,0,2.8,0,15
4,3.1,1,0,0.2,4,75
2,1.3,0,1,2.8,1,10
2,3.1,1,1,1.8,1,29
9,3.8,0,0,2.1,4,53
9,4.1,0,1,2.6,4,46
7,3.7,1,1,2.7,3,64
1,0.9,0,0,0.1,0,10
0,0.7,1,0,1.1,3,33
4,2.9,0,1,0.6,4,48
3,2.4,0,0,0.4,4,41
1,2.8,1,0,2.4,2,32
4,1.3,1,0,1.3,3,49
4,0.8,1,0,1.3,0,27
6,3.5,0,1,2.2,2,39
9,2.1,0,1,0.0,3,52
9,3.9,0,0,1.0,4,67
6,0.7,1,0,2.7,3,55
9,2.8,1,0,2.1,1,51
0,4.4,1,0,2.4,3,50
0,4.2,0,0,1.9,0,10
0,3.4,0,1,0.8,3,24
0,3.5,0,1,2.0,1,10
2,1.8,1,1,2.1,4,43
3,1.3,0,1,2.4,0,10
2,2.4,1,0,2.3,4,52
6,3.9,0,1,2.7,3,33
8,1.9,0,0,1.2,3,49
3,3.1,0,1,1.3,2,24
8,3.0,0,1,2.8,0,35
8,3.9,1,0,0.3,4,89
7,0.8,1,0,2.1,4,53
7,2.2,0,1,2.4,0,22
3,2.1,1,0,1.4,3,39
9,2.0,1,0,0.8,1,68
9,3.8,1,0,2.5,0,50
8,2.2,0,0,2.6,4,51
5,4.1,0,1,1.7,4,45
2,4.9,1,0,1.9,0,39
4,3.6,0,1,2.2,2,27
4,1.7,1,1,1.4,1,41
1,1.7,0,0,0.8,2,19
0,2.4,0,1,0.8,4,32
2,4.2,1,0,2.2,0,40
1,3.0,0,0,1.2,0,12
1,4.9,0,0,1.8,0,14
2,1.1,0,1,0.2,3,28
0,2.9,0,1,2.7,4,20
2,1.6,1,0,0.4,2,48
3,1.5,0,1,1.9,3,10
2,2.8,1,0,1.7,4,52
8,3.2,0,0,1.3,4,66
2,4.6,1,1,2.9,1,37
1,3.4,0,0,0.3,1,25
7,4.6,1,0,1.6,0,49
4,4.1,1,1,2.5,0,37
1,3.3,1,0,0.6,2,38
2,2.9,0,0,1.8,2,24
7,3.6,0,0,2.6,2,38
1,3.2,0,0,2.5,1,10
4,3.0,0,0,1.1,1,27
0,2.8,0,0,0.1,0,23
7,4.4,0,1,0.2,1,46
3,4.1,0,0,0.6,1,34
1,3.9,1,0,0.8,2,56
6,2.8,0,1,0.3,1,30
8,3.8,1,1,1.7,0,47
6,0.9,1,1,0.7,4,67
2,3.4,1,0,1.8,1,45
7,3.1,1,0,1.1,4,84
1,1.6,0,0,1.0,0,10
0,0.5,0,1,1.1,3,10
5,4.9,1,1,2.2,0,44
1,3.0,1,1,0.8,3,40
3,1.6,0,0,1.8,4,34
3,1.9,0,0,1.1,1,30
1,2.0,1,1,0.8,4,54
8,3.9,0,0,1.4,2,54
1,1.1,1,0,2.8,3,28
2,0.8,1,1,1.7,4,40
2,1.2,0,0,2.0,1,10
3,1.9,1,0,2.0,2,44
0,1.5,0,0,1.2,4,32
7,1.5,0,0,1.3,2,31
3,4.1,0,0,1.6,2,39
3,5.0,0,0,2.1,2,39
9,2.0,1,0,0.3,3,75
7,3.2,0,0,1.6,4,59
1,0.6,0,0,1.7,1,10
4,4.2,1,1,1.0,1,51
8,1.7,1,1,1.8,3,72
3,4.6,0,1,0.1,1,28
8,2.4,0,1,2.8,2,39
6,1.1,0,0,0.5,3,41
7,3.2,0,0,2.2,1,43
3,4.0,1,0,0.3,3,69
1,2.6,0,1,2.8,2,10
2,1.6,0,0,0.5,4,32
5,1.5,1,0,1.5,0,42
3,2.6,1,1,2.6,4,44
6,2.4,1,0,1.0,4,66
0,0.7,1,1,1.7,1,19
1,2.9,1,0,1.2,2,36
3,1.3,0,0,2.8,1,13
0,0.6,1,1,2.1,4,20
7,0.6,0,0,0.7,2,50
8,4.1,0,0,2.0,1,45
2,1.6,1,1,2.6,2,26
6,4.5,0,1,0.3,4,52
2,1.1,0,1,1.9,1,10
1,2.1,0,1,2.5,4,12
5,4.0,0,1,2.6,2,36
0,2.7,0,1,2.2,1,10
8,1.7,1,1,2.5,3,61
5,4.6,0,1,1.7,1,37
0,2.3,1,1,2.2,4,43
8,2.7,1,0,2.5,4,78
9,2.4,1,1,2.9,0,43
9,0.8,0,1,1.3,3,33
0,3.7,1,0,2.8,4,35
3,1.2,1,0,2.5,2,34
1,3.3,1,0,1.0,0,43
7,2.5,0,0,2.5,4,43
2,1.7,1,1,1.1,3,43
0,1.3,1,1,2.6,4,33
0,3.5,1,1,2.5,0,20
9,0.7,1,0,0.1,0,56
6,3.0,1,1,0.9,4,65
7,4.9,0,0,1.4,3,59
6,2.5,0,1,1.9,2,27
2,3.6,1,1,2.2,3,58
6,1.9,0,1,2.4,0,16
9,4.4,1,0,1.4,1,76
6,1.3,1,1,2.8,2,38
4,2.7,1,1,0.8,0,47
9,0.9,0,0,1.6,0,23
7,1.8,1,1,0.7,0,47
0,4.6,0,0,0.3,0,13
9,4.1,0,0,1.8,2,54
1,1.3,1,1,0.7,3,34
2,2.8,1,0,0.5,1,47
8,1.3,0,1,1.1,4,39
8,4.7,1,0,0.5,1,75
2,3.9,1,0,0.5,2,50
8,3.2,1,0,0.3,0,60
7,1.7,1,0,2.7,0,45
1,2.3,0,1,0.8,4,24
9,2.9,0,1,0.3,3,35
2,4.2,1,1,2.0,2,38
0,4.5,0,1,2.0,0,10
8,4.7,1,0,2.1,3,73
6,4.5,0,1,1.4,1,35
6,1.2,1,1,2.5,4,48
6,1.4,0,1,1.0,0,14
7,4.2,1,1,0.9,1,67
8,4.8,0,1,1.9,4,53
0,4.0,0,1,1.4,1,13
7,0.7,1,1,2.9,4,61
3,3.9,0,0,0.1,2,36
9,0.5,1,1,1.4,3,47
6,2.9,0,0,0.9,1,27
3,3.4,0,0,2.9,3,20
9,4.5,0,1,0.6,0,39
8,3.7,1,0,1.4,2,72
1,3.9,0,0,0.4,4,43
7,4.6,0,1,2.4,0,23
8,1.4,0,1,0.2,4,54
4,3.2,1,0,3.0,0,34
5,1.8,0,0,2.6,0,10
7,3.8,0,1,0.4,3,67
3,2.1,1,1,2.8,0,22
1,2.9,0,0,0.2,4,36
1,4.9,1,1,2.1,1,29
9,1.3,0,1,1.9,2,32
8,0.7,1,0,2.1,1,51
3,2.0,0,0,0.2,3,46
5,2.5,0,0,1.6,1,34
1,0.8,0,1,0.5,4,12
3,3.8,0,0,1.3,2,39
1,0.6,0,1,1.0,0,10
2,3.6,0,1,0.1,0,20
6,2.6,1,0,2.2,4,67
3,2.8,1,0,1.5,0,43
3,0.6,1,1,1.8,1,28
2,3.2,1,0,0.6,4,66
1,3.3,0,0,0.4,3,34
8,1.6,1,0,1.3,0,50
3,3.2,1,0,1.2,0,47
4,2.0,1,1,0.4,4,57
6,2.5,0,1,0.2,1,44
8,2.4,1,1,1.9,0,44
8,1.3,1,1,0.1,4,73
0,4.3,1,1,1.8,3,30
3,1.7,1,0,1.6,3,47
2,2.5,0,0,0.9,0,13
2,0.7,1,1,3.0,2,25
7,2.8,1,0,2.0,3,68
6,0.6,0,1,2.1,1,12
4,0.9,1,0,1.3,4,56
5,1.6,0,0,2.9,2,23
0,4.2,0,1,2.3,2,23
7,4.1,1,0,1.8,4,83
1,5.0,1,0,2.9,0,38
8,4.4,0,0,1.7,0,43
5,2.0,1,0,2.4,1,39
8,1.9,0,0,1.1,0,39
9,2.3,0,0,1.2,0,27
0,1.6,0,0,0.7,1,10
9,3.9,0,0,1.6,1,47
5,4.6,0,1,0.3,4,60
3,3.2,1,0,2.4,1,31
4,1.4,0,1,1.9,3,24
2,0.8,0,0,1.1,1,13
3,1.7,1,1,0.9,3,35
3,3.7,1,0,2.9,1,42
8,2.9,0,0,2.6,4,48
0,3.1,1,1,2.9,3,26
5,4.1,0,1,0.1,1,40
8,4.1,0,1,0.5,0,53
9,4.6,1,0,0.7,4,91
3,2.4,1,0,0.3,3,52
9,2.5,1,0,0.5,2,69
4,0.9,1,0,1.9,3,50
6,3.0,1,0,1.2,4,76
1,2.3,1,0,2.2,0,16
6,2.0,1,0,1.8,1,50
3,0.9,0,1,0.6,0,10
5,2.1,1,0,1.6,1,44
4,1.7,1,1,2.0,3,45
9,2.0,1,1,3.0,1,35
5,3.0,1,0,0.5,0,49
6,2.9,1,1,1.4,3,67
3,2.6,1,0,0.4,2,46
7,0.6,1,1,2.3,0,34
5,1.7,1,0,2.6,4,61
5,1.2,0,1,0.4,1,18
1,4.7,0,0,0.9,3,26
6,4.7,1,0,0.5,2,79
3,1.4,0,0,0.3,1,31
2,3.5,1,1,2.2,2,35
8,2.0,0,1,0.5,2,47
1,4.8,1,1,2.8,1,29
5,4.2,1,0,2.9,0,49
4,1.0,0,1,1.5,3,24
3,2.5,1,0,1.9,4,49
1,3.4,0,0,0.2,2,27
1,0.8,1,0,3.0,2,19
8,1.1,0,1,0.9,2,38
0,2.8,0,1,2.4,3,10
3,1.3,1,1,2.5,1,18
6,2.9,1,1,0.5,4,69
5,4.8,0,1,0.4,4,50
6,3.3,0,0,2.5,4,49
4,1.4,0,0,0.1,0,23
4,4.3,0,0,1.5,3,38
1,2.0,1,1,1.4,0,27
9,4.0,0,0,2.9,0,37
7,1.9,0,1,1.3,4,47
7,2.6,0,0,2.0,2,40
5,3.4,0,0,0.2,4,58
0,2.5,1,0,0.1,2,38
0,0.8,1,0,0.0,4,31
3,2.1,0,0,2.0,3,27
2,1.3,0,0,2.0,1,12
1,3.5,0,0,0.8,3,38
8,3.4,1,0,0.1,1,67
7,1.0,0,0,2.8,3,32
1,1.1,0,0,2.8,0,10
9,3.3,1,1,0.7,4,67
2,4.5,1,0,0.9,0,45
4,3.9,0,1,2.5,3,24
5,3.9,0,1,1.6,4,45
3,4.2,0,0,1.5,3,39
5,2.9,0,0,1.5,2,41
4,1.2,1,1,0.0,0,38
4,4.5,1,1,0.6,1,46
4,3.8,0,0,0.6,0,37
8,3.0,1,1,2.3,3,59
1,3.9,1,0,2.3,2,44
4,1.1,0,0,1.9,1,17
4,3.5,1,1,0.5,1,55
5,1.3,1,0,1.2,0,37
2,0.8,1,1,1.7,3,46
7,3.2,1,1,2.4,3,61
2,0.8,0,1,2.4,4,21
3,2.8,1,0,0.4,0,39
3,0.8,1,0,2.3,0,23
5,3.4,0,1,1.9,2,36
9,3.1,0,1,1.1,1,43
2,0.6,0,1,2.5,4,15
2,4.7,1,0,1.3,2,52
4,4.3,0,1,2.4,1,24
9,0.9,0,0,1.5,0,28
7,3.8,1,0,0.5,3,78
3,3.5,1,0,0.2,3,58
9,1.8,1,0,0.7,3,65
8,4.0,1,0,1.5,2,62
3,3.3,0,0,1.0,1,19
1,3.8,0,1,0.4,4,30
9,4.2,1,1,1.9,4,69
7,2.0,0,0,2.8,3,41
8,1.3,0,1,2.2,1,26
0,2.9,0,0,2.6,1,10
8,4.1,0,0,1.8,1,39
1,3.5,0,1,0.3,2,24
6,3.0,1,0,1.5,3,66
2,4.0,1,1,0.8,3,53
9,2.0,1,1,1.6,4,62
8,3.0,1,1,1.7,1,58
8,0.9,0,1,0.8,1,25
3,2.5,0,1,0.3,4,37
2,1.4,1,1,0.3,3,45
4,1.9,0,0,0.6,1,33
9,2.5,1,1,0.5,2,68
7,2.8,1,0,0.1,4,80
4,2.5,1,1,0.3,0,41
0,2.4,0,0,2.0,4,29
1,1.2,1,1,1.3,2,25
3,3.7,1,1,0.2,4,65
2,1.3,0,0,2.5,1,10
8,2.6,0,1,1.4,4,48
7,2.7,0,1,1.0,1,33
9,1.0,0,0,0.4,0,31
2,2.5,1,0,2.0,0,29
2,0.6,0,1,0.3,2,20
7,0.5,0,0,0.5,3,45
6,0.8,0,1,2.6,4,27
2,3.9,0,1,2.3,3,27
2,0.8,0,1,2.0,2,10
6,1.3,1,1,1.1,3,49
2,4.9,1,0,1.3,0,39
7,3.8,1,1,0.8,0,60
9,3.6,1,1,2.9,0,47
6,2.9,0,0,1.3,4,46
8,0.6,1,1,0.9,2,53
4,1.8,0,1,2.2,3,22
5,4.5,0,0,0.2,4,62
0,1.8,1,0,0.8,1,39
3,1.5,1,0,2.2,0,32
8,3.5,0,1,2.6,0,23
2,4.5,0,1,1.8,2,23
5,3.2,0,0,0.7,3,46
2,3.4,1,1,1.8,0,26
0,1.7,1,1,2.7,1,12
9,4.6,0,1,1.4,0,26
0,3.3,1,0,1.3,3,44
5,4.3,0,1,2.5,3,30
0,2.0,0,0,1.7,1,10
8,4.2,0,0,2.5,4,56
2,4.5,0,0,0.1,2,37
0,2.3,0,1,2.6,4,10
4,1.7,0,1,0.9,1,20
1,1.7,1,1,2.4,3,26
1,0.9,0,1,1.6,0,10
8,3.4,0,0,1.8,1,42
2,4.6,0,0,2.6,3,36
5,4.2,1,1,2.5,0,46
2,2.5,0,0,1.2,4,34
8,3.8,0,1,2.5,2,36
1,2.3,0,0,1.6,1,10
2,2.5,1,0,2.3,2,40
9,2.2,1,1,1.2,1,53
3,0.7,0,0,2.8,2,10
9,3.4,1,0,1.0,2,63
5,4.3,1,1,2.5,3,53
5,2.5,1,0,0.4,4,64
9,0.7,1,0,1.2,1,52
2,0.6,0,0,1.4,1,10
6,2.5,1,1,1.6,4,64
3,0.6,1,1,2.3,4,39
1,1.3,0,0,2.5,2,10
9,4.2,0,0,0.5,4,61
6,3.0,0,1,1.7,4,41
2,1.2,1,0,0.6,4,56
9,2.6,0,0,0.4,4,70
0,3.7,1,0,0.4,2,47
5,1.1,0,0,0.4,0,25
7,1.7,1,1,2.8,0,37
3,4.4,0,0,1.1,2,39
0,3.0,0,0,1.8,0,12
4,4.9,1,1,2.5,3,49
6,4.8,1,0,0.3,3,72
5,1.7,0,0,2.9,4,29
6,0.6,1,1,2.1,2,41
4,2.1,1,0,0.8,0,47
2,5.0,1,1,2.5,2,44
0,0.8,0,1,2.8,3,10
8,3.9,1,0,1.8,0,55
3,2.3,1,0,1.0,2,52
1,0.5,0,0,2.6,1,10
9,1.6,1,1,0.4,1,51
7,1.8,1,1,0.8,2,58
6,1.5,0,1,2.9,4,29
2,2.1,0,0,0.4,0,19
9,3.1,1,1,0.2,1,66
1,3.7,1,0,2.4,3,46
1,2.3,0,1,2.6,1,10
8,3.9,0,0,0.0,1,57
5,3.7,0,1,2.5,0,25
5,1.6,0,1,0.9,2,27
8,4.3,1,1,2.4,2,63
2,4.6,1,1,2.9,4,52
8,3.7,1,0,0.5,4,86
4,4.8,1,0,2.9,0,38
2,3.4,0,1,0.3,3,31
8,2.6,1,1,1.9,2,55
8,1.3,0,0,1.2,1,34
8,3.5,0,1,2.6,0,32
1,2.3,1,0,0.4,2,46
5,3.4,0,1,2.1,0,19
2,3.5,0,1,2.3,4,31
4,3.6,0,0,2.7,1,24
5,2.9,1,1,0.0,2,45
8,4.8,1,1,2.0,3,61
0,2.8,1,1,0.4,4,45
9,4.0,1,0,0.4,4,94
6,2.1,1,1,0.0,2,54
4,3.4,0,1,2.5,0,21
6,4.0,1,0,1.2,3,73
7,0.8,0,0,0.7,3,39
9,3.1,1,0,0.7,3,76
1,3.4,1,1,2.3,0,21
9,4.5,0,1,0.9,2,47
4,2.9,1,0,0.5,2,53
3,2.0,1,1,1.6,0,22
1,3.6,1,0,1.5,0,29
1,1.9,1,0,1.1,1,31
4,4.8,1,1,2.8,1,35
2,1.2,0,1,0.6,2,16
0,1.1,0,0,1.6,3,10
3,4.8,1,1,2.1,1,43
8,1.5,0,0,2.8,1,30
6,2.3,1,1,2.3,3,53
0,2.6,0,0,2.9,1,10
8,4.3,1,0,1.1,3,87
9,4.1,0,1,2.4,1,44
5,2.4,0,0,1.4,4,45
9,4.6,1,1,3.0,1,51
3,0.9,1,0,0.2,2,51
9,2.1,1,0,0.8,3,61
0,1.6,1,1,2.8,3,32
6,2.8,0,0,0.1,1,37
3,3.1,0,1,1.7,2,27
9,4.3,0,1,1.3,1,42
3,4.2,1,0,1.6,4,68
7,1.3,0,1,2.6,3,24
9,4.7,0,0,1.2,2,60
7,0.7,1,1,2.3,1,39
0,2.9,1,1,1.3,4,49
4,3.9,0,0,1.2,4,44
6,1.9,0,1,0.7,2,37
5,3.8,1,1,0.7,3,68
6,3.2,1,1,2.5,2,54
2,1.3,1,1,2.7,3,37
0,2.2,0,0,2.3,2,10
1,4.0,0,0,2.9,1,10
3,3.3,0,0,1.7,0,18
0,3.7,0,1,2.9,1,10
5,4.6,0,1,2.2,0,28
0,0.6,0,0,0.4,3,21
6,3.0,0,0,1.4,3,51
3,2.2,0,0,2.5,1,20
6,1.6,0,0,2.5,0,21
0,4.9,0,0,1.5,2,17
2,4.8,1,0,2.6,0,34
3,3.5,1,0,0.9,2,50
7,4.7,1,1,2.9,2,58
1,1.6,1,1,0.6,3,33
0,4.7,0,0,2.6,4,21
5,1.6,0,1,0.3,0,15
1,1.4,0,1,2.9,3,12
5,3.8,0,1,2.3,4,41
1,4.7,0,0,0.0,4,41
9,1.3,1,1,0.3,0,53
8,1.4,0,1,0.2,2,46
9,2.8,0,1,1.9,1,30
6,0.8,0,0,2.9,2,25
8,0.9,1,0,1.9,1,55
5,1.9,1,0,1.8,4,65
3,4.8,1,0,0.5,2,62
7,3.1,1,1,2.0,3,64
0,0.6,1,0,0.8,3,37
5,4.9,0,1,0.0,1,47
2,4.5,0,0,2.4,3,39
9,5.0,1,0,1.6,0,59
9,3.7,0,1,2.0,4,54
0,1.5,0,0,0.7,2,16
1,3.8,1,0,2.0,1,30
1,4.1,0,1,2.8,4,19
7,1.4,1,1,2.2,2,45
9,2.4,0,1,2.4,0,25
0,4.5,0,1,2.4,4,27
5,2.4,1,1,1.9,4,56
1,4.2,1,1,1.3,0,34
6,0.8,1,1,2.8,0,22
6,3.7,1,1,1.2,4,73
6,3.7,0,1,1.3,3,40
4,0.5,1,1,1.3,1,20
9,4.2,0,0,0.9,4,68
3,3.3,0,1,0.8,0,22
5,3.0,0,0,0.6,4,50
9,4.5,1,0,1.4,0,51
3,1.5,0,0,0.5,4,31
1,2.9,1,1,0.9,0,23
9,4.5,1,1,1.9,2,56
3,1.0,1,1,0.9,2,43
7,3.3,0,0,1.2,0,34
2,3.6,1,0,2.3,4,41
5,3.1,0,1,2.8,0,16
4,1.0,0,0,0.4,1,18
9,4.5,0,1,1.5,4,57
0,0.6,0,0,0.2,4,26
9,1.6,0,1,2.2,0,20
8,4.4,0,0,0.4,0,53
2,4.3,0,0,1.4,4,56
8,4.1,0,1,0.6,3,59
3,3.4,0,1,1.1,4,34
5,2.5,1,0,1.7,4,59
7,0.8,1,1,1.4,3,54
9,2.1,1,0,1.1,1,58
1,4.0,0,1,0.2,0,28
9,3.0,1,0,1.1,1,67
6,3.5,0,1,1.2,1,30
0,1.7,0,0,1.3,1,10
5,3.9,1,1,1.2,2,62
5,2.2,1,0,0.6,4,66
9,2.8,0,1,0.2,1,35
1,2.2,1,0,2.0,0,29
2,4.7,1,0,1.0,4,57
4,3.6,0,0,1.8,1,35
3,2.6,0,1,2.4,1,15
4,3.9,0,1,0.7,4,44
4,3.3,1,1,2.4,0,37
7,1.4,1,1,2.2,4,60
0,3.1,1,1,0.3,3,45
9,0.5,0,0,1.7,4,44
4,4.0,0,1,0.9,4,46
2,0.6,0,1,2.7,0,10
2,4.7,0,0,1.2,2,37
8,0.8,0,0,2.2,1,23
3,3.1,0,1,1.1,1,29
6,3.3,0,0,1.4,4,56
8,2.8,1,0,2.5,2,65
6,4.4,1,0,2.8,3,74
8,3.4,1,1,0.5,3,74
0,1.3,1,1,1.4,0,12
3,3.6,0,0,0.5,3,44
7,4.1,1,1,1.6,1,54
4,4.3,1,1,0.2,2,58
7,0.9,0,1,2.1,4,32
3,4.5,1,1,2.0,4,56
7,1.4,0,0,0.9,0,31
6,3.3,0,0,2.3,3,47
6,2.5,1,0,2.0,1,47
9,1.5,1,1,0.8,1,52
3,2.5,1,0,3.0,0,28
7,1.2,0,1,1.9,4,41
7,1.1,0,1,1.1,4,46
4,2.7,1,1,0.9,2,57
6,0.9,0,0,0.9,0,18
1,2.6,0,0,1.7,2,23
7,3.5,1,0,0.1,4,78
1,2.6,0,0,1.7,2,16
6,1.0,1,1,0.4,3,59
7,1.4,0,0,0.5,2,29
8,2.8,1,0,1.2,3,62
5,1.1,1,1,0.5,2,51
2,1.3,1,1,0.9,4,52
8,4.0,1,0,2.8,2,76
0,3.8,0,0,1.0,3,23
4,4.4,0,0,0.8,4,55
9,4.1,1,1,2.3,3,58
0,1.8,1,1,2.8,2,17
9,4.0,0,0,0.0,3,61
1,3.9,0,0,2.1,4,34
1,2.3,1,1,0.5,4,41
8,2.6,1,0,0.4,3,79
0,4.3,0,1,3.0,3,14
8,2.0,1,0,2.3,0,46
8,1.4,0,1,2.1,2,29
6,1.1,0,0,0.7,4,51
4,3.0,0,1,1.2,1,30
2,2.9,0,0,0.7,2,24
7,0.6,0,1,2.0,2,32
5,3.6,1,1,2.5,4,69
2,2.8,1,1,2.7,3,43
6,2.5,0,1,0.8,2,42
0,0.9,1,1,1.6,3,23
3,1.4,0,0,0.7,3,24
7,2.0,0,0,2.7,2,33
9,4.6,1,1,0.8,2,62
2,1.8,0,1,2.8,0,10
1,4.4,1,1,2.3,3,51
6,1.8,1,0,1.3,1,48
8,4.4,1,1,0.5,4,77
0,1.0,0,0,2.8,3,10
7,1.0,0,1,2.7,3,36
6,3.5,1,0,2.5,2,65
3,0.5,0,0,2.4,4,11
9,3.1,0,0,0.4,4,55
1,3.8,1,0,2.0,3,50
6,1.3,0,1,0.9,4,38
8,0.6,1,0,0.7,1,46
6,1.0,0,1,1.6,4,28
9,2.1,0,0,2.5,2,40
7,1.2,0,0,1.7,4,45
5,3.0,1,0,0.4,4,68
0,1.7,1,0,0.1,4,48
8,3.2,0,0,0.9,2,53
1,4.9,0,0,2.1,4,29
2,4.0,0,1,2.1,2,18
2,1.5,0,1,2.8,3,13
0,4.5,1,0,1.3,3,54
5,3.5,1,0,0.2,3,68
3,2.4,1,1,2.6,2,36
5,1.9,0,0,0.8,4,33
8,1.8,1,1,0.9,1,51
4,4.0,0,1,1.3,4,45
5,1.6,1,0,1.5,0,38
4,4.6,1,1,2.7,2,50
3,2.0,0,0,0.6,2,33
5,1.1,1,1,1.9,4,58
0,2.4,0,0,0.6,1,19
2,4.5,0,0,1.5,0,18
8,4.1,1,0,2.1,0,57
8,3.5,1,1,0.5,2,72
5,4.9,0,0,0.7,1,38
8,2.4,1,0,0.1,0,58
9,3.1,0,1,2.9,1,35
9,1.7,0,0,0.8,3,55
0,1.5,0,1,0.8,4,16
9,0.9,1,1,1.0,3,53
9,3.5,1,1,2.3,4,65
2,2.7,0,1,1.7,4,34
6,1.2,1,0,0.8,3,62
1,2.3,1,1,0.2,3,35
1,1.4,1,1,0.8,3,41
3,1.9,0,0,0.3,3,39
8,3.0,1,1,0.1,2,72
4,0.9,1,0,3.0,4,48
8,2.8,0,0,3.0,1,39
3,2.5,1,1,2.0,4,40
6,0.9,0,1,1.6,3,27
0,4.5,1,1,0.9,3,48
9,4.4,1,0,0.4,1,76
2,2.0,1,0,1.8,1,37
0,3.3,0,1,0.7,4,27
5,1.1,1,0,2.5,2,44
7,1.1,1,0,1.9,0,37
1,4.3,0,1,2.3,2,11
1,3.5,1,1,0.2,3,50
4,3.1,0,0,1.5,1,34
7,2.0,1,1,1.2,3,62
3,3.8,0,1,3.0,0,15
3,4.8,0,0,0.0,2,39
4,3.5,1,0,1.8,3,64
6,1.1,0,1,2.8,3,18
1,1.9,0,1,1.9,2,11
4,3.7,0,1,0.8,4,43
3,3.0,0,0,0.3,0,33
4,2.2,0,1,0.3,3,30
6,0.9,0,0,2.9,2,28
2,4.5,0,0,1.0,4,43
0,2.3,0,1,2.0,4,11
2,3.5,1,1,1.7,3,53
8,4.1,0,1,3.0,2,34
8,1.8,1,0,1.9,2,61
2,1.5,1,1,1.6,2,44
8,0.9,0,1,0.3,3,39
6,1.6,1,1,2.5,1,49
3,1.9,1,1,2.7,2,32
3,3.8,1,0,1.9,4,58
2,4.6,1,0,0.9,0,49
8,4.2,1,0,2.9,3,77
9,2.4,1,0,0.8,1,60
8,2.2,1,0,1.0,3,66
3,2.3,0,1,2.6,2,14
5,2.2,0,0,1.3,3,34
8,4.7,1,0,2.9,0,44
9,2.6,0,1,1.7,2,35
4,3.5,1,0,1.9,1,46
3,3.0,1,1,2.6,2,37
3,2.9,0,0,1.7,0,14
1,1.3,0,1,1.7,2,16
0,2.9,1,1,1.4,0,15
3,1.4,1,0,2.4,3,44
4,1.4,0,0,1.0,1,25
6,2.0,1,1,1.8,2,63
4,0.5,1,0,0.4,3,53
5,3.3,0,0,2.6,3,35
4,2.5,1,0,1.1,1,51
2,1.4,1,1,2.3,1,20
9,2.5,0,1,0.8,1,37
7,3.0,1,0,1.9,0,51
6,3.2,1,0,1.9,0,50
9,1.3,1,0,1.8,1,55
6,2.2,0,0,0.0,2,42
2,3.8,0,0,1.8,3,34
2,4.5,1,0,0.6,3,47
2,0.8,0,1,1.7,4,15
6,0.9,1,1,0.6,0,38
4,2.5,1,0,1.8,0,30
8,0.8,1,0,2.2,0,43
1,4.7,0,1,0.9,2,18
8,2.4,1,1,1.0,0,60
1,0.7,1,1,1.6,4,32
5,3.3,1,1,1.8,4,60
1,2.0,1,0,1.3,0,32
6,1.6,1,1,2.5,3,51
7,2.3,0,0,2.9,2,40
0,4.2,0,1,2.6,0,10
4,3.6,1,0,1.2,4,73
5,1.1,1,0,1.2,3,63
6,4.8,0,1,2.7,0,16
2,3.5,0,0,1.3,4,33
1,3.1,0,0,1.4,2,15
2,4.2,0,1,1.4,3,32
5,2.0,0,0,1.2,4,47
0,1.1,0,1,1.3,0,10
8,1.3,1,1,1.2,2,59
1,4.7,0,0,1.4,2,22
1,3.7,1,0,0.4,2,49
0,4.4,0,1,2.7,1,10
2,4.1,0,1,0.9,0,12
1,1.3,1,0,1.2,0,25
5,3.2,1,1,2.5,2,41
7,2.3,0,0,0.0,0,39
8,1.8,0,1,1.0,0,28
3,4.1,0,1,2.4,3,34
9,3.8,0,0,0.4,2,55
2,4.6,1,0,0.6,4,67
4,1.6,1,0,2.3,1,39
6,4.9,0,0,2.8,1,35
2,4.5,0,0,0.5,3,35
1,4.8,1,0,1.9,2,43
9,1.2,0,1,0.9,4,43
2,2.9,1,1,2.4,0,17
3,4.1,1,0,2.3,0,46
2,4.0,1,0,0.8,2,60
7,0.9,1,1,1.5,0,43
9,3.9,0,1,2.1,4,51
8,0.7,1,1,0.7,2,52
5,0.5,0,1,0.3,2,24
7,4.4,1,1,2.3,0,51
7,3.5,1,0,2.6,4,72
7,4.4,0,0,0.7,3,62
9,3.0,1,0,2.2,0,51
0,2.6,0,1,2.5,3,10
0,1.9,1,0,1.8,1,28
5,2.1,1,1,0.7,2,56
1,4.0,1,0,0.4,3,58
0,1.5,1,1,0.8,0,16
6,4.5,0,1,1.5,2,39
5,2.6,0,1,2.6,4,22
5,1.4,1,1,1.9,0,28
0,1.7,0,1,2.8,1,10
8,2.5,1,1,1.0,0,57
4,1.4,0,1,0.7,0,17
5,3.8,0,0,0.4,0,51
1,3.8,0,0,2.1,3,16
0,3.7,0,0,0.1,1,23
6,3.9,1,1,1.9,1,61
6,4.2,0,0,2.3,2,40
9,2.9,1,0,2.4,1,58
0,4.4,0,0,2.1,0,10
9,1.6,0,1,1.0,2,34
6,1.3,0,0,0.9,2,31
5,4.9,1,0,2.2,1,53
0,1.9,0,0,2.5,2,10
7,1.8,0,1,0.1,1,38
5,0.9,0,0,0.7,4,38
5,0.6,1,1,2.3,1,29
6,4.9,0,0,1.5,1,41
3,3.9,1,0,1.8,1,44
4,4.2,1,1,1.2,0,40
5,1.0,1,1,2.4,4,44
9,3.8,1,0,2.6,2,61
8,3.7,1,0,2.5,4,81
6,3.3,0,0,1.6,2,34
9,3.3,1,0,0.2,0,74
5,2.1,0,1,1.8,3,34
4,2.2,0,0,0.6,1,32
8,2.9,1,0,2.1,2,64
1,2.6,0,1,1.6,4,30
5,0.8,1,0,2.6,0,25
4,2.1,0,1,0.6,0,17
7,1.9,0,0,0.5,1,38
4,3.0,0,0,1.7,4,44
3,4.6,1,0,1.1,0,49
3,4.8,1,1,1.8,2,47
4,4.4,1,1,1.5,1,46
9,1.7,0,1,2.5,2,33
0,1.8,1,0,0.9,2,33
0,4.3,0,1,2.4,4,14
3,4.1,0,1,1.2,0,26
8,2.3,1,1,1.4,4,80
3,1.3,0,1,1.6,1,10
6,2.7,0,0,1.1,2,41
0,4.5,1,0,2.1,1,37
9,2.8,1,1,0.2,1,67
1,1.2,0,1,1.8,3,13
7,4.0,1,1,1.7,1,59
3,1.0,1,1,2.4,4,43
2,1.4,1,1,1.8,3,38
2,1.2,0,0,1.6,2,18
5,1.5,0,1,1.0,2,29
2,1.9,0,1,2.1,3,17
6,1.7,0,1,2.2,0,18
0,3.0,1,1,0.5,1,35
4,3.3,1,1,2.2,1,42
5,1.4,0,0,1.9,3,29
8,2.3,1,0,0.4,3,76
7,4.0,1,1,1.5,1,57
4,4.1,1,1,0.2,3,65
0,3.8,1,1,2.6,3,40
9,4.6,1,1,1.7,1,60
7,4.9,1,1,1.8,0,51
1,0.8,0,1,2.5,1,10
3,2.2,1,1,1.4,1,28
8,0.7,1,0,0.4,0,48
0,2.3,1,0,2.6,4,41
5,3.4,1,1,1.9,3,54
0,4.8,1,1,2.6,4,34
7,2.8,1,0,2.1,2,58
0,0.9,1,0,0.3,1,23
8,3.0,1,1,0.2,2,73
9,2.8,1,1,0.0,3,71
1,2.2,1,1,0.2,4,54
6,3.1,1,0,1.2,4,71
4,1.4,1,0,0.8,1,43
6,3.9,1,0,0.9,3,79
4,2.2,1,0,2.1,4,56
0,4.9,1,0,0.4,4,56
3,4.3,0,0,1.0,3,48
0,0.9,1,0,2.7,3,24
7,1.0,1,1,0.6,1,56
9,2.4,0,0,0.6,0,38
7,4.7,0,1,0.1,4,55
9,1.9,1,0,1.9,3,61
8,2.3,1,1,1.9,0,45
2,2.9,0,0,0.8,3,34
8,1.1,1,0,0.9,3,61
0,1.3,1,0,1.2,2,25
7,3.1,1,1,0.5,0,61
3,3.7,0,1,1.5,1,19
0,3.6,0,1,0.1,2,28
0,3.7,1,0,2.4,2,36
3,4.7,1,1,1.4,2,47
8,5.0,1,0,0.3,4,89
7,3.8,1,0,0.7,4,79
0,2.6,0,0,0.9,1,10
3,1.8,1,0,1.4,0,31
1,4.2,0,1,1.4,0,10
6,4.5,1,1,2.1,3,64
0,3.7,0,1,0.6,4,39
0,0.6,0,1,0.4,3,10
2,4.0,0,0,2.3,0,26
0,4.9,1,1,1.5,0,25
4,4.8,1,1,2.8,3,55
3,3.0,0,1,0.8,4,29
2,2.3,0,0,0.2,4,41
2,0.9,0,0,1.3,4,21
1,1.9,0,1,2.8,2,10
4,3.1,0,0,0.0,1,36
5,1.2,1,0,1.6,0,40
1,2.5,1,0,2.2,1,31
0,4.5,1,0,0.2,0,29
4,0.8,1,1,0.2,3,58
1,0.9,0,1,0.4,2,13
2,0.6,0,0,0.1,0,10
2,3.1,0,0,2.4,0,18
4,1.5,0,1,0.8,2,21
5,2.5,1,1,1.7,1,41
6,4.4,1,1,1.4,1,53
5,1.7,0,0,2.2,2,25
2,3.0,1,1,2.1,3,46
1,2.9,1,0,0.8,3,47
5,1.0,0,1,0.4,0,18
1,2.5,1,1,3.0,3,38
6,3.6,0,0,1.8,1,38
9,1.8,1,1,2.1,1,45
4,2.6,0,0,0.4,1,24
7,4.4,1,0,2.1,3,72
5,3.9,1,1,0.0,4,67
3,4.4,0,0,1.3,4,37
7,3.7,0,0,0.8,0,44
5,3.6,1,0,0.2,0,58
1,0.5,1,1,1.0,2,25
6,4.4,1,1,3.0,4,69
3,4.3,0,0,0.3,4,54
0,2.3,1,1,1.7,2,28
2,1.7,1,0,2.2,4,54
1,2.5,0,0,1.3,4,34
1,4.7,0,1,2.0,1,12
6,1.8,0,0,0.5,2,32
5,1.9,1,1,1.9,3,49
0,3.4,1,1,1.6,1,26
5,0.9,0,1,1.5,1,14
1,1.5,1,1,1.8,1,13
1,2.9,0,1,0.3,3,27
7,3.4,1,1,1.9,1,56
6,1.1,0,0,1.2,3,43
9,2.8,0,0,2.8,4,51
9,2.0,1,1,0.8,4,76
4,2.3,1,1,0.1,3,61
1,4.5,0,0,1.6,3,28
2,0.9,1,1,1.8,1,22
4,4.4,1,1,2.4,1,40
4,0.8,1,1,1.1,1,26
4,2.1,0,0,2.0,3,30
0,0.6,0,1,2.1,4,10
7,4.9,0,0,2.6,2,42
5,4.3,0,1,0.7,4,54
6,1.4,0,1,2.7,4,31
8,2.9,0,0,2.1,1,44
5,1.3,1,0,0.6,0,43
4,2.0,0,0,1.8,4,34
9,2.5,0,0,2.5,4,44
3,1.8,1,1,0.9,0,34
4,3.3,0,1,1.5,0,28
1,0.8,1,0,2.4,4,42
3,4.3,1,1,1.9,0,35
8,1.2,1,0,0.5,3,68
9,2.7,1,0,2.8,3,60
0,1.6,0,1,1.7,1,10
0,3.9,0,1,1.3,2,10
0,4.5,0,1,2.0,0,10
6,1.5,1,1,2.1,3,37
2,1.9,1,1,0.4,0,39
9,2.8,0,1,1.3,2,46
3,1.3,1,1,2.5,1,27
8,2.1,1,0,0.7,3,64
5,1.3,0,1,1.5,2,27
8,2.4,0,0,0.6,2,43
9,1.6,1,1,0.3,2,65
4,4.2,1,1,1.5,3,63
9,2.5,0,0,2.9,1,28
8,3.3,1,1,2.6,0,41
9,0.6,0,1,1.9,0,13
0,4.2,1,0,2.0,2,39
5,0.6,1,1,0.8,1,39
8,4.1,0,1,1.2,0,46
5,4.9,0,0,0.2,0,39
2,1.0,1,0,2.4,0,18
1,4.9,1,1,1.2,4,51
6,4.9,0,0,0.8,4,62
1,1.6,0,1,1.4,1,10
9,3.8,0,0,1.1,4,58
5,2.9,0,0,1.4,4,47
5,4.1,1,0,2.7,0,41
1,2.4,0,1,0.3,3,28
5,1.7,1,1,1.0,4,58
8,4.8,0,1,2.2,2,33
4,2.0,1,1,2.1,2,40
2,2.8,1,0,1.3,0,33
0,2.5,0,0,0.7,1,11
9,3.3,0,0,1.2,4,54
0,2.9,0,0,2.1,4,16
6,2.8,1,0,0.4,1,67
0,4.4,1,1,0.0,1,38
9,0.9,1,0,0.8,1,68
6,4.7,1,1,2.7,1,50
9,4.0,0,0,0.5,1,56
8,4.7,0,1,1.3,2,42
0,3.7,1,0,0.9,3,53
4,4.8,0,1,1.4,0,29
1,1.0,0,1,0.1,2,21
5,3.8,0,1,0.6,2,38
9,4.7,1,1,0.3,2,74
1,1.7,1,1,2.6,1,20
1,2.2,0,0,2.4,4,18
9,1.1,0,1,0.1,3,46
7,2.9,0,1,0.4,4,57
4,0.7,0,1,1.6,0,10
2,4.8,0,0,0.4,1,23
7,3.1,0,1,2.0,4,49
4,2.6,0,0,0.2,1,32
8,2.8,1,1,1.5,0,52
4,4.4,1,1,0.5,2,65
2,2.8,0,1,1.9,4,30
4,2.5,1,0,0.4,1,51
3,3.0,1,1,1.3,4,56
8,1.0,0,1,1.8,3,36
1,3.6,0,0,0.8,0,21
1,4.4,1,0,0.4,2,55
9,3.7,0,0,0.3,0,35
9,2.9,1,1,2.5,4,64
1,2.7,1,0,2.5,1,32
5,3.1,0,1,2.4,4,38
1,2.0,1,1,0.7,4,46
0,0.7,1,0,1.6,3,28
2,2.5,1,0,1.1,0,34
3,3.8,0,1,2.0,2,19
3,4.0,0,0,1.7,4,41
5,1.3,0,1,1.3,2,26
9,1.7,1,1,0.7,1,54
3,3.0,1,0,2.1,3,52
2,5.0,1,1,2.0,2,41
0,4.0,1,1,0.9,3,44
4,1.4,0,1,0.6,3,33
6,4.3,0,0,1.4,1,41
7,4.4,0,1,0.5,1,45
8,4.8,0,1,1.6,4,55
6,0.8,1,0,0.1,4,67
3,1.9,1,0,1.1,3,60
7,2.3,0,0,0.2,1,41
0,0.7,0,0,1.5,2,10
3,3.1,1,1,2.2,4,49
0,0.6,1,0,0.3,2,30
1,0.9,1,1,0.6,2,25
1,4.3,0,0,0.2,3,39
6,2.3,1,0,2.0,2,45
7,3.6,1,0,2.1,3,69
3,4.0,0,1,0.5,1,31
7,1.4,1,0,0.3,4,71
1,4.8,1,1,1.1,0,37
2,2.8,0,1,2.9,2,13
7,4.4,0,0,2.8,1,47
2,3.2,1,0,2.4,3,48
8,2.6,0,0,1.0,1,48
4,3.5,1,0,2.6,2,39
5,1.2,0,1,2.5,1,17
1,4.7,1,0,1.6,1,39
6,4.0,1,1,1.8,3,71
0,3.7,0,1,1.7,4,25
0,2.4,0,1,1.4,2,15
7,2.2,1,0,2.1,2,52
2,4.0,1,1,1.3,2,51
0,2.9,1,1,0.8,0,26
0,4.7,0,0,1.7,4,32
2,2.8,0,1,1.1,1,13
8,4.8,0,0,1.4,0,35
4,1.6,0,1,0.5,3,27
7,1.0,1,0,1.9,3,59
7,3.2,0,1,0.0,3,54
6,0.7,0,0,2.8,1,10
6,1.4,0,1,2.7,1,27
1,3.1,0,0,0.5,0,18
8,1.4,1,1,2.0,0,46
6,3.8,0,0,2.9,2,43
6,3.8,1,0,3.0,4,74
6,3.0,1,1,1.2,2,53
7,2.5,1,0,2.1,2,61
1,4.4,0,1,2.7,4,30
6,2.3,0,0,1.3,3,39
8,3.8,0,1,0.8,3,51
5,3.1,0,1,2.2,0,18
9,1.3,0,0,0.8,0,39
3,3.0,0,1,0.4,2,30
3,0.6,0,0,1.6,2,11
5,3.2,1,0,0.3,0,64
2,1.5,1,1,2.9,3,39
0,3.9,0,1,2.5,2,10
8,3.7,1,1,1.6,3,71
1,2.1,1,0,2.9,1,19
3,2.2,0,1,2.1,3,23
6,1.5,1,0,0.4,0,47
6,1.5,0,0,0.6,0,28
3,4.0,0,0,2.6,1,22
4,0.7,1,0,2.5,2,28
1,1.4,0,0,2.2,3,15
1,4.8,0,0,2.7,4,35
1,1.5,0,1,1.0,1,10
6,4.7,0,1,1.5,2,52
9,4.9,0,0,1.0,0,40
8,3.6,0,0,0.7,1,39
4,3.1,1,0,2.3,2,46
0,0.7,0,1,2.9,4,11
1,3.1,0,1,1.1,3,30
4,3.0,0,0,1.3,3,33
0,0.9,1,1,2.8,3,19
7,3.1,0,0,2.8,3,29
0,2.6,0,0,0.6,2,20
8,2.5,1,0,1.2,0,51
0,2.5,0,0,2.8,2,12
8,2.9,1,1,0.4,3,71
6,0.9,0,0,0.2,0,28
5,2.9,0,1,1.8,1,21
5,2.3,1,0,1.6,3,53
3,1.8,1,0,1.0,1,37
3,3.0,0,1,2.8,0,16
6,1.7,1,1,2.0,2,55
7,1.7,0,0,2.7,1,31
5,3.6,1,1,0.3,1,46
1,1.6,1,0,0.8,1,26
4,1.8,1,1,1.3,1,44
4,3.9,0,1,2.2,1,21
0,1.1,0,1,2.4,4,17
7,4.4,1,1,0.8,0,65
0,3.9,0,0,1.6,0,14
3,4.1,1,1,1.2,1,35
9,3.8,0,0,1.1,1,40
7,3.9,1,0,0.9,1,62
0,4.1,1,0,0.7,3,55
9,4.4,0,1,0.3,4,58
0,4.5,0,0,2.2,4,24
7,0.9,0,1,2.4,3,30
1,0.5,1,1,0.5,4,41
1,4.5,1,1,0.4,1,42
2,4.1,0,0,2.6,1,11
5,2.8,0,0,0.5,3,43
8,1.3,1,0,2.7,0,37
2,3.2,0,0,2.9,4,24
9,4.9,1,0,2.6,1,62
3,3.4,1,1,1.3,1,33
4,2.5,1,1,0.2,1,54
3,1.7,1,1,2.3,1,17
0,3.0,0,1,0.9,0,10
0,1.6,0,1,0.6,0,10
0,0.9,1,0,1.9,2,31
0,3.8,1,1,1.0,2,39
1,4.0,1,0,0.0,3,59
0,1.6,1,1,2.6,0,16
5,2.7,1,1,2.9,1,35
9,1.1,0,0,0.9,1,38
4,2.0,1,1,1.1,2,52
4,1.8,1,0,1.8,1,33
9,3.9,1,0,1.0,1,69
5,0.8,1,0,2.8,0,20
2,4.0,0,1,1.0,2,20
7,4.6,0,0,0.2,0,54
3,1.9,0,0,0.5,0,18
4,2.0,1,1,0.9,1,44
5,1.4,1,1,0.8,0,43
5,1.0,0,1,1.4,2,23
8,4.6,1,1,1.2,1,58
7,0.5,1,1,1.3,4,58
2,4.4,1,0,2.3,3,53
4,0.8,1,0,2.8,4,47
3,2.2,0,1,1.8,3,23
3,3.0,1,0,0.1,0,47
3,3.4,0,1,1.9,1,18
2,0.7,0,0,0.1,3,21
4,2.2,1,1,0.9,0,39
3,0.8,0,0,2.6,4,27
1,1.6,0,1,0.3,4,23
4,1.8,1,0,1.5,0,42
1,1.8,1,0,2.5,0,19
3,0.8,1,1,1.9,0,27
5,1.8,0,0,1.1,3,39
7,2.1,0,1,1.4,4,39
6,0.7,1,1,1.1,4,55
3,3.1,0,1,2.7,0,10
6,3.3,0,0,0.6,0,44
7,2.2,0,0,0.0,3,49
3,1.6,0,1,0.5,1,17
4,0.7,0,1,0.2,3,21
0,3.0,0,1,2.9,0,10
3,2.2,1,0,2.0,1,46
3,3.1,0,0,1.3,3,38
8,1.2,1,0,1.1,3,57
0,4.1,0,0,1.3,4,37
6,1.7,1,1,2.7,1,38
0,2.3,0,1,0.0,3,30
6,2.0,1,1,0.7,1,45
2,2.8,1,1,0.1,4,49
0,3.0,0,0,1.0,3,25
1,3.4,1,0,2.0,2,40
0,1.1,1,1,1.8,4,32
1,3.4,0,0,2.9,3,14
6,0.6,1,1,2.6,3,47
4,4.6,1,0,0.6,3,64
8,0.5,0,1,0.3,4,50
7,2.9,1,0,1.2,0,55
1,4.8,0,1,1.4,1,15
8,1.4,0,0,2.2,1,27
8,3.7,1,1,0.7,4,83
4,3.3,1,0,0.3,4,68
2,2.8,0,1,0.9,4,35
3,3.8,1,1,1.9,2,45
7,1.1,1,1,0.8,4,64
2,2.2,0,1,0.3,1,18
1,1.4,1,0,0.7,3,44
3,1.5,0,0,1.8,0,10
7,3.0,0,1,1.5,4,47
6,4.5,1,0,0.7,1,69
6,2.8,1,0,2.8,4,70
6,2.5,0,0,1.3,1,31
7,4.3,0,1,0.3,4,57
8,1.0,0,0,1.6,4,45
5,1.6,0,0,1.6,0,16
7,2.4,1,0,1.3,3,71
8,3.3,0,1,2.0,1,34
7,4.0,1,0,1.8,2,82
0,4.2,0,0,2.7,1,10
5,3.3,0,1,0.8,1,29
5,4.2,1,0,1.0,4,83
1,2.5,1,0,2.7,1,28
6,0.6,1,1,2.0,4,53
0,5.0,0,1,0.2,4,35
8,2.8,0,1,0.9,0,29
4,4.8,1,0,0.2,0,54
1,3.4,1,0,1.3,3,43
0,3.5,1,1,0.8,2,42
1,1.2,1,0,2.3,2,25
6,0.5,1,0,2.9,1,39
5,1.5,1,0,1.2,2,50
5,1.5,1,0,0.6,0,44
5,3.6,0,0,1.5,2,34
8,3.3,0,0,2.3,2,43
3,1.2,0,1,0.2,2,21
9,1.3,1,1,2.1,3,65
4,1.4,1,1,0.5,0,24
1,2.8,1,0,1.3,4,39
2,3.6,0,0,1.5,1,26
6,3.1,1,0,0.8,2,62
4,0.8,0,0,2.7,2,10
0,1.9,0,0,0.5,4,28
2,4.9,0,0,1.8,1,37
3,2.5,1,0,2.5,4,55
2,1.3,1,1,2.1,4,40
3,2.3,0,1,1.4,3,34
9,3.5,1,0,0.9,2,73
4,2.4,0,1,2.5,2,17
0,0.7,0,1,2.3,0,10
1,3.4,1,1,2.1,4,42
4,1.0,0,1,1.3,2,22
5,3.2,0,0,3.0,3,37
0,2.2,0,1,2.0,0,10
0,4.2,1,0,2.6,0,35
3,3.5,1,0,2.6,2,49
1,0.7,0,1,0.2,4,29
0,4.2,1,0,2.7,4,41
6,3.1,1,1,0.2,0,51
7,2.3,1,1,2.9,0,41
4,4.1,1,1,2.0,1,39
4,2.7,1,0,2.3,1,43
3,3.0,0,1,2.4,3,25
2,4.8,1,1,2.4,1,24
0,1.7,0,0,1.3,4,20
0,4.3,1,0,2.4,3,40
7,2.3,0,0,0.6,1,38
8,1.3,1,0,2.3,3,66
3,3.7,0,1,1.2,3,34
4,2.5,0,0,1.5,1,31
7,0.6,0,1,1.0,4,40
3,3.3,0,1,0.9,3,31
3,3.8,0,0,2.2,0,20
8,2.2,1,1,2.5,0,38
0,2.5,0,0,0.1,1,14
9,5.0,0,0,2.0,1,50
1,3.1,0,0,1.0,0,16
5,4.1,1,0,0.9,0,58
5,2.6,1,1,1.9,3,58
4,0.9,0,0,1.0,1,19
7,4.5,0,1,2.7,2,51
1,4.5,0,1,2.6,1,10
6,3.0,1,0,2.9,0,36
5,3.6,0,1,0.6,0,27
3,3.2,1,1,0.4,2,53
0,1.4,0,0,2.2,0,10
6,3.8,0,0,0.9,0,38
4,3.6,1,0,1.0,4,69
7,2.9,1,1,1.7,0,60
7,3.8,1,0,0.8,2,76
0,3.3,1,0,1.7,3,40
3,3.1,0,0,1.4,4,42
9,4.5,0,1,2.1,4,58
7,0.7,1,0,1.7,3,63
2,0.6,0,0,1.0,3,24
4,1.2,1,1,0.4,4,46
2,3.0,0,0,0.0,4,51
2,2.9,1,1,0.4,0,31
9,2.0,0,1,1.7,1,34
7,3.2,0,1,2.2,2,32
1,3.2,0,1,2.2,1,15
5,1.6,0,1,0.8,4,37
1,4.5,1,1,1.8,4,57
8,4.9,1,1,2.4,2,59
8,3.4,0,1,1.4,0,37
2,0.6,0,0,2.4,2,10
9,2.5,1,1,2.6,3,53
6,2.0,1,0,0.1,0,48
2,1.7,0,1,1.8,2,10
7,2.5,1,0,1.0,4,70
4,5.0,1,1,1.5,2,46
4,3.1,1,0,2.0,2,49
1,2.2,0,0,2.2,4,22
3,0.9,1,1,1.2,3,33
5,4.4,0,0,1.4,4,40
2,2.5,0,0,1.4,4,28
2,4.4,1,0,2.7,0,39
7,2.8,0,1,1.7,4,43
7,1.1,0,0,0.2,1,34
8,0.5,1,1,0.1,0,41
7,4.5,1,0,1.6,1,57
8,0.7,1,1,1.4,0,39
7,4.5,0,0,2.5,2,45
0,2.8,0,0,1.3,2,20
6,3.7,0,1,0.8,3,39
2,1.7,0,0,0.1,2,21
7,1.8,0,0,0.3,2,51
0,3.6,0,1,2.3,1,10
6,2.6,0,1,0.3,3,39
2,4.3,0,0,2.3,0,10
3,4.2,0,0,1.8,0,23
5,4.5,1,0,1.7,0,46
8,1.2,0,1,0.4,3,45
1,4.8,0,1,1.8,2,20
5,2.9,1,0,2.5,2,47
3,4.5,1,0,0.1,4,69
9,4.7,0,0,0.3,4,62
8,2.3,0,1,0.8,4,52
2,3.6,1,1,1.3,1,44
5,3.5,0,0,2.1,4,44
1,3.0,1,1,1.9,2,38
3,3.8,1,1,1.0,0,40
9,1.0,0,1,0.2,3,48
1,4.3,1,0,1.9,2,39
5,2.3,1,1,2.4,1,34
6,4.3,1,1,1.2,3,71
2,2.3,0,1,0.7,2,27
9,4.1,0,0,2.6,2,40
1,1.7,1,1,1.6,0,22
9,3.7,1,0,0.3,2,76
0,4.4,0,1,0.4,0,15
0,2.1,1,1,1.9,3,31
6,3.3,1,1,2.8,2,48
6,2.5,1,0,2.2,4,67
6,1.8,1,1,2.2,1,40
6,2.1,1,0,2.2,0,31
3,3.5,0,0,2.2,1,19
3,3.1,1,1,1.6,4,50
2,0.9,0,1,1.3,0,10
8,0.7,1,1,1.8,2,45
8,2.7,1,1,2.3,1,46
2,3.8,0,1,2.5,0,18
1,5.0,0,0,3.0,3,22
8,3.1,1,0,1.4,3,75
5,0.8,1,0,2.9,2,36
9,2.3,1,1,1.7,4,65
9,1.0,0,1,2.3,0,22
3,1.0,1,1,2.4,3,29
2,3.7,1,1,1.2,2,41
6,0.6,0,0,0.3,4,32
0,4.2,1,1,1.5,3,40
7,0.9,0,1,0.5,2,33
4,2.0,1,0,1.6,0,38
9,0.6,1,0,2.1,1,51
9,2.2,1,1,2.0,4,69
5,0.5,0,1,0.3,1,29
4,4.0,0,1,2.8,0,12
3,4.9,1,0,2.7,3,51
0,2.2,1,1,2.1,3,32
5,1.2,0,0,1.0,1,26
2,3.1,0,0,2.3,2,14
4,2.9,0,0,0.3,4,49
4,1.0,1,1,0.0,1,32
4,2.1,0,0,0.1,2,30
3,4.1,1,1,2.1,1,35
9,1.0,0,1,0.4,4,56
7,2.7,0,1,2.7,3,41
3,2.7,0,0,0.2,1,20
6,1.1,0,0,1.9,1,10
8,3.2,1,0,0.7,2,74
6,4.1,0,0,0.4,4,64
1,4.0,1,0,1.6,3,51
9,3.3,1,1,0.1,0,60
5,1.5,1,0,0.6,2,51
2,3.9,0,0,1.8,2,20
6,2.2,0,0,0.5,2,50
3,1.1,1,1,0.6,4,48
5,2.4,0,0,1.7,4,49
3,4.7,0,0,1.4,0,19
6,0.6,0,0,0.1,3,42
7,2.6,1,0,2.5,2,58
0,1.4,1,0,0.8,4,49
5,2.9,0,1,2.5,3,36
8,4.1,1,0,0.3,0,75
3,3.6,0,0,1.6,1,21
7,3.1,1,0,1.5,4,73
7,3.5,1,0,0.8,3,82
8,2.6,1,0,2.3,2,66
2,3.7,0,1,2.1,2,24
4,2.7,1,0,1.7,1,42
6,4.2,1,0,1.3,1,50
0,2.0,1,0,2.3,2,29
9,0.7,1,1,1.7,0,40
9,0.6,0,1,0.9,2,27
4,0.5,1,0,0.1,2,33
2,2.0,0,0,2.0,2,17
4,0.7,1,0,0.8,3,53
7,1.9,0,1,0.8,0,37
2,2.5,0,1,0.4,0,15
7,3.8,0,0,2.3,2,43
4,1.6,0,0,1.6,2,23
7,3.7,1,1,1.6,1,49
4,1.2,0,1,1.5,3,29
6,3.9,0,1,2.8,3,42
3,4.1,0,1,2.8,2,18
7,3.0,0,0,0.9,3,47
2,1.9,1,1,2.9,4,42
0,3.2,1,1,0.9,4,49
2,3.4,1,0,2.1,4,53
4,4.7,1,0,2.5,2,47
6,1.2,1,0,1.6,0,30
4,3.4,0,0,0.1,0,35
8,3.1,1,0,0.5,3,82
5,4.1,0,1,1.2,3,46
6,2.2,1,1,2.7,4,53
9,3.6,0,1,1.8,2,43
6,4.2,0,1,2.7,4,50
6,0.9,1,0,0.9,0,46
8,2.2,1,0,0.8,2,72
8,0.8,1,1,2.3,0,31
3,1.5,0,0,1.4,1,17
2,4.3,0,1,1.2,4,45
4,0.8,0,1,1.2,1,22
9,4.5,0,1,1.9,2,45
8,2.7,1,1,1.1,4,81
2,1.5,1,1,2.9,2,16
4,1.0,1,0,1.7,2,34
9,1.8,0,1,2.0,4,47
0,2.9,0,1,2.4,2,10
9,4.2,0,1,0.8,4,64
8,2.9,1,1,1.3,0,47
2,4.8,1,1,0.3,0,44
3,2.9,0,1,0.5,4,40
2,0.7,1,0,1.7,1,27
2,3.7,0,0,0.8,2,24
6,1.3,0,1,1.8,0,15
2,1.1,1,0,2.4,2,29
1,3.1,1,1,0.3,4,57
6,1.3,1,1,2.0,3,44
8,4.2,1,1,0.7,3,64
4,4.6,1,0,2.0,2,60
1,3.5,0,0,2.7,0,10
4,4.6,1,0,2.0,1,48
2,2.3,1,1,1.1,3,36
7,4.1,1,1,2.9,0,48
8,1.0,0,0,0.9,2,41
6,1.8,0,1,2.2,3,26
2,2.7,0,0,2.1,3,25
4,1.4,0,1,2.5,1,10
8,2.4,0,0,0.3,3,49
8,1.6,0,1,0.2,4,50
0,4.6,0,0,1.5,3,22
6,3.7,1,1,0.3,3,75
3,1.9,0,0,1.7,4,29
9,3.8,0,0,2.0,4,59
9,3.7,1,1,1.2,1,64
3,2.8,0,1,1.4,2,13
6,5.0,1,1,2.5,4,66
8,0.7,1,1,0.6,2,55
0,3.7,0,0,1.1,2,20
6,0.9,1,1,0.4,1,36
5,4.3,0,1,0.2,2,37
5,2.8,0,0,0.1,4,57
0,2.1,0,1,1.7,4,17
8,0.9,1,1,0.6,1,47
4,0.8,0,1,1.5,0,17
8,4.6,1,1,3.0,4,70
8,2.5,0,1,2.5,3,36
4,2.4,0,1,1.9,1,17
0,4.7,0,0,2.7,3,18
9,0.5,1,1,1.3,3,54
1,1.3,1,1,0.9,3,33
8,2.8,1,1,2.8,4,64
3,3.9,0,1,1.9,4,39
7,1.0,1,1,1.3,1,53
8,0.7,0,0,2.5,2,33
0,0.5,1,1,2.5,3,18
6,1.3,0,1,1.8,3,26
7,0.8,1,1,1.1,3,45
2,1.9,0,1,0.8,2,14
5,4.2,0,1,1.7,0,30
7,3.9,1,0,2.6,1,56
9,3.0,1,1,1.0,3,72
9,4.8,0,0,2.4,0,32
6,1.3,1,0,1.6,3,49
3,1.3,1,1,1.9,4,46
6,2.2,0,0,2.3,1,27
2,4.7,1,0,1.8,0,39
2,3.6,1,0,1.9,3,56
4,0.7,1,0,2.1,1,23
5,2.0,0,0,1.7,2,33
7,2.2,0,0,0.2,4,55
5,1.0,0,1,0.1,1,27
6,2.9,0,1,2.6,1,23
3,4.1,1,0,0.4,1,50
2,4.2,1,1,2.2,0,27
5,3.8,1,0,0.4,4,74
9,2.8,1,1,3.0,1,48
6,1.0,1,1,3.0,0,31
6,1.5,0,0,2.8,4,36
7,4.0,1,1,1.5,1,62
8,4.4,0,0,1.5,2,51
5,3.5,1,0,2.2,3,64
8,3.7,1,1,2.4,2,65
0,2.5,0,0,1.9,4,20
4,2.7,1,1,1.5,0,36
3,1.8,0,1,2.8,3,17
2,1.1,0,1,1.1,0,10
0,2.4,0,0,0.8,1,25
2,0.7,0,1,1.7,3,21
2,3.4,0,1,0.8,4,46
0,4.5,0,1,1.8,1,10
7,4.7,0,0,1.6,3,46
0,4.1,0,1,2.4,2,13
1,4.7,1,1,1.8,1,43
2,2.4,1,0,0.2,1,44
1,4.0,1,1,1.9,3,38
9,1.4,0,0,0.7,1,38
8,1.0,1,0,1.0,0,48
0,1.1,1,0,1.3,3,34
0,1.7,0,0,0.7,2,12
7,3.7,1,1,2.2,4,67
8,4.8,0,1,2.7,3,52
8,4.3,0,1,2.2,3,49
2,2.8,1,0,2.6,3,41
2,2.3,1,1,2.1,2,45
2,3.1,0,1,2.8,4,15
2,4.6,1,1,0.4,1,50
2,2.3,0,1,2.5,2,10
5,2.5,0,0,0.4,2,43
2,3.9,0,1,0.2,2,32
4,2.4,1,0,2.5,3,45
4,1.6,0,1,0.6,4,32
7,2.3,0,0,2.6,4,41
2,3.9,1,0,3.0,3,49
2,2.0,1,1,2.3,2,16
4,4.8,1,1,0.7,4,63
4,4.1,1,1,1.9,0,45
3,0.9,0,1,2.8,0,10
7,2.3,1,1,1.5,1,59
0,3.0,0,1,2.7,4,16
3,0.6,0,0,0.8,2,19
7,0.8,1,1,2.3,1,36
3,1.7,1,1,2.1,0,27
9,3.0,0,0,2.4,0,32
3,1.4,1,1,1.8,1,32
2,1.3,0,1,2.3,1,10
0,2.5,0,1,1.2,4,18
4,3.2,1,1,1.0,4,61
2,0.8,0,0,2.3,0,10
8,3.4,1,0,0.3,1,73
9,0.9,1,0,2.5,3,53
5,4.3,0,1,1.6,2,45
7,1.8,0,1,1.6,4,46
9,3.1,1,0,0.6,4,81
2,2.3,1,0,0.9,0,42
2,1.9,0,0,1.1,1,19
1,3.0,0,1,3.0,0,10
7,2.2,0,1,0.0,0,34
2,3.6,0,0,1.7,0,12
9,0.6,1,1,0.9,3,58
8,3.7,1,0,0.2,4,79
2,4.0,1,1,2.5,4,53
0,4.9,0,0,3.0,4,18
9,0.8,0,1,2.8,2,19
0,1.7,1,0,2.1,3,37
5,1.2,1,1,1.2,3,50
9,1.1,1,1,2.4,2,47
7,4.4,1,1,1.1,4,78
3,3.8,1,1,2.4,0,31
2,3.7,0,0,2.5,4,37
6,1.9,0,1,1.9,2,30
0,1.8,0,1,0.3,3,23
2,1.0,0,0,0.0,3,30
4,2.1,0,1,0.1,4,42
4,3.1,1,1,0.2,4,63
7,2.8,1,1,1.7,3,66
6,0.6,0,1,1.8,3,28
1,3.6,0,0,0.6,1,17
5,2.3,1,0,1.8,2,56
5,0.8,1,0,2.7,3,43
1,0.9,1,1,1.1,2,22
0,2.5,0,1,2.3,2,10
1,0.7,0,0,1.2,1,10
9,4.2,0,0,2.1,2,53
1,1.6,0,1,0.8,1,14
4,4.0,1,0,2.5,0,45
9,3.3,1,1,1.5,2,73
1,4.4,0,1,0.6,3,23
1,1.2,1,1,0.5,4,36
5,2.0,0,0,0.5,1,29
5,2.5,1,1,2.0,1,44
7,1.5,1,0,2.1,1,56
5,0.7,0,0,2.3,1,17
3,2.7,1,0,2.2,0,22
6,1.0,0,1,2.6,1,11
8,4.6,1,0,0.8,2,83
2,3.0,0,1,1.3,0,10
3,2.2,0,1,2.1,1,10
2,4.1,1,0,1.8,1,48
2,2.7,0,1,1.0,3,19
6,4.0,0,0,1.8,4,55
4,1.8,1,1,0.7,1,43
9,4.6,0,1,2.8,4,52
8,1.6,0,0,0.1,0,41
2,2.5,0,0,1.2,1,14
5,2.3,1,1,2.8,2,31
6,3.7,1,0,2.7,3,63
2,2.5,1,1,0.9,2,42
1,4.0,1,0,2.7,3,41
3,1.0,0,1,0.6,4,39
5,4.8,1,0,2.6,4,67
1,1.5,0,1,1.3,1,10
4,3.8,0,1,1.9,3,17
9,3.7,0,1,0.4,1,49
9,1.3,1,1,0.4,2,49
4,3.9,1,1,2.1,4,52
7,2.4,1,1,1.6,4,75
9,2.1,1,0,1.9,0,49
3,2.0,1,1,1.7,3,46
2,1.6,0,0,0.6,0,17
1,2.1,1,0,0.1,4,59
3,1.7,1,1,2.5,1,26
2,2.9,1,1,0.8,3,41
4,2.3,1,0,2.7,0,35
1,4.0,1,0,0.6,0,41
0,0.9,1,0,1.8,4,44
0,4.7,0,0,0.4,0,17
8,1.4,1,1,2.0,3,48
6,3.3,1,1,1.6,3,58
7,4.2,1,1,2.3,1,58
8,2.6,1,1,1.1,4,74
9,4.4,1,1,3.0,4,69
8,4.0,1,1,1.2,3,81
0,3.2,1,0,0.2,4,53
5,1.0,1,0,2.4,3,50
9,3.7,1,1,1.2,0,58
8,2.8,0,0,2.9,4,45
6,4.3,0,1,2.6,1,21
5,2.3,0,0,1.7,3,40
9,3.6,0,0,1.3,4,66
9,2.8,0,1,0.6,1,37
6,0.8,1,0,2.2,1,48
5,2.1,0,1,0.2,4,45
9,1.8,0,0,1.7,4,53
3,1.0,1,0,2.0,3,45
8,0.7,1,0,1.1,2,61
5,4.8,0,1,1.9,3,39
7,0.6,1,1,2.3,0,32
0,2.2,0,1,0.9,4,18
4,0.6,0,0,1.9,2,18
0,4.3,0,1,2.5,0,10
6,1.5,0,1,0.9,1,36
6,4.2,1,0,0.6,3,74
7,0.9,1,0,0.4,1,40
9,2.9,1,1,2.4,3,64
9,3.8,0,0,2.4,2,54
5,4.4,1,1,1.1,4,79
1,1.0,0,1,0.4,2,18
6,3.9,0,1,1.4,1,37
4,2.3,0,0,0.4,3,36
0,4.4,1,0,1.0,0,44
2,2.0,1,0,2.5,3,39
8,4.8,0,0,0.7,3,62
1,1.3,1,0,1.4,0,22
3,3.9,0,1,2.2,2,27
1,2.8,0,1,0.0,4,31
9,3.9,0,1,1.8,1,37
8,1.8,1,0,0.6,0,58
1,4.5,0,1,1.0,2,24
4,1.8,1,0,0.3,4,68
7,2.2,0,1,1.9,0,17
3,3.6,0,0,1.5,3,24
5,2.9,0,0,0.8,3,39
6,3.1,1,0,0.4,4,79
3,2.8,0,0,2.8,4,30
9,3.4,1,1,2.9,3,67
0,4.6,1,0,1.0,0,44
1,0.8,1,0,2.0,3,32
3,2.2,1,0,2.2,0,21
3,1.3,1,0,1.9,4,41
3,1.5,1,0,1.5,2,39
1,1.3,0,0,0.1,2,12
0,1.0,1,0,0.3,3,41
1,1.6,0,1,2.2,4,17
7,3.2,1,1,3.0,0,42
6,2.6,1,1,0.0,3,64
6,0.6,1,1,2.8,3,43
3,4.0,1,1,1.6,0,38
6,1.6,1,1,0.2,3,67
4,1.7,1,1,1.3,0,33
6,4.2,0,1,1.6,0,37
3,2.3,1,1,2.6,0,19
8,2.6,1,0,2.6,1,55
6,2.4,1,1,2.2,2,55
0,2.2,1,0,1.5,2,21
3,0.6,0,0,0.6,4,30
3,3.7,0,0,0.6,2,38
1,2.8,0,1,0.9,1,16
7,4.0,0,0,0.1,4,67
3,4.9,1,0,0.4,1,55
3,2.9,1,0,2.0,2,55
4,4.8,0,1,0.1,4,60
1,1.4,1,1,1.5,4,36
7,4.4,0,0,2.4,4,54
7,4.2,0,0,1.6,4,56
3,3.8,0,0,0.4,1,37
1,1.6,1,1,0.6,2,33
0,3.6,0,1,2.0,0,10
9,4.0,1,0,1.5,3,75
9,3.1,0,1,1.8,3,54
8,1.0,0,1,1.3,3,37
5,0.8,0,1,2.6,3,26
6,4.4,1,1,0.1,2,66
7,1.8,1,1,0.2,4,73
9,2.4,1,0,2.7,0,49
4,3.7,0,1,1.4,3,43
0,4.0,1,0,0.2,0,37
8,2.7,0,1,2.1,1,25
2,1.2,0,0,0.8,3,19
3,1.8,1,1,2.2,0,27
0,2.5,1,1,2.8,1,14
3,1.4,1,0,2.3,0,23
5,3.4,1,1,0.5,2,58
6,4.0,0,0,1.0,1,41
5,4.1,0,1,2.9,0,26
2,3.2,0,1,0.2,3,35
0,4.3,1,1,1.3,2,41
4,0.6,1,1,0.4,4,52
1,2.6,1,1,2.5,2,34
8,2.3,1,1,1.9,0,46
2,1.4,1,0,0.5,3,49
5,0.7,1,0,2.6,3,40
1,2.2,0,0,1.9,2,12
6,2.5,1,1,1.0,0,41
6,1.0,0,1,0.5,4,34
8,3.5,0,1,2.0,2,26
6,4.2,1,1,1.9,1,54
7,1.7,0,0,1.2,0,22
6,4.6,1,1,1.4,4,75
5,2.2,0,0,1.6,4,41
7,4.6,1,0,1.1,0,62
6,0.7,1,1,1.9,0,34
9,1.8,1,0,1.5,3,63
8,1.6,0,0,2.3,2,37
7,0.5,1,1,1.9,1,36
1,1.6,1,0,0.7,4,43
9,2.9,0,1,0.9,2,49
0,1.5,1,0,1.6,3,37
6,3.4,0,1,0.8,0,36
9,1.3,0,0,2.3,0,36
5,3.8,1,1,1.6,2,55
5,0.9,0,1,2.5,2,12
4,4.4,1,0,1.7,1,53
3,1.9,1,1,1.0,0,31
4,4.2,1,0,0.2,0,50
3,1.9,1,0,2.0,4,48
6,2.5,1,0,1.7,2,61
6,0.8,0,0,2.1,0,16
8,3.7,0,0,1.3,1,45
9,4.3,1,1,1.1,4,77
5,4.2,0,1,3.0,0,11
1,3.0,0,0,1.0,0,10
6,2.7,1,0,1.8,1,49
8,2.7,0,0,1.0,3,51
7,1.4,1,0,2.0,4,65
1,2.3,1,0,1.9,4,43
8,2.1,0,1,1.5,3,44
3,4.6,1,0,1.5,1,53
6,3.4,1,1,1.6,3,64
1,3.1,0,1,1.2,4,32
8,2.5,0,0,2.3,2,42
0,2.4,0,1,0.8,1,10
4,3.2,1,1,1.6,1,49
9,4.2,1,1,2.2,1,55
6,0.5,1,1,2.1,0,38
7,1.4,1,0,0.0,3,71
6,4.8,1,0,0.0,4,88
6,1.1,0,0,0.3,1,28
1,1.9,1,1,0.1,1,32
1,1.5,1,0,2.6,3,32
4,4.2,1,1,2.2,1,44
6,1.8,1,1,2.3,1,37
8,1.4,0,0,0.7,1,32
0,0.9,1,1,0.8,1,22
0,1.3,1,0,1.1,4,36
1,3.9,0,1,1.1,2,30
3,1.5,0,0,0.5,3,31
0,1.5,1,1,1.4,2,25
5,3.8,1,1,2.2,0,36
0,3.4,0,0,2.3,4,21
6,3.4,0,0,2.8,1,36
8,2.7,0,0,0.0,2,58
9,2.7,1,1,1.4,0,46
8,3.5,1,1,0.7,2,63
8,2.0,0,1,0.4,4,59
9,2.0,1,1,1.0,4,68
5,2.9,0,1,1.8,1,21
2,2.2,1,0,1.8,4,44
2,4.2,1,0,1.7,2,42
4,1.4,1,1,1.5,1,31
8,3.6,1,0,0.1,2,76
8,1.0,0,1,0.6,2,37
8,3.1,1,1,2.0,3,67
7,4.3,0,1,2.6,2,35
6,3.5,1,1,2.9,1,47
8,4.4,0,1,1.3,4,67
3,4.2,1,1,2.8,0,35
8,3.5,1,1,2.5,1,43
9,3.8,0,0,3.0,1,41
9,3.8,0,0,2.5,2,43
3,2.3,1,1,1.8,2,37
2,3.4,0,1,2.2,1,11
0,1.9,1,1,0.4,0,27
2,2.8,0,1,2.4,3,10
8,2.6,1,0,2.5,2,60
6,0.5,1,1,0.6,1,46
9,2.7,1,1,0.8,1,70
1,0.5,1,0,1.2,1,23
5,1.5,1,0,0.1,2,62
7,3.1,1,1,2.9,1,56
6,1.9,0,1,2.0,1,28
2,4.6,0,0,1.1,3,30
8,4.4,1,0,1.2,1,70
9,3.0,1,1,0.9,2,67
9,4.6,1,0,2.2,0,60
5,2.4,0,1,2.8,1,21
3,1.9,1,1,0.8,0,31
4,4.5,0,1,0.9,3,42
8,3.6,0,0,1.8,0,33
3,3.2,0,1,2.3,2,16
5,3.1,0,1,1.6,2,36
9,3.4,0,1,2.0,0,31
5,4.8,0,0,2.6,3,40
9,0.6,0,1,0.2,3,41
4,0.7,1,0,1.4,0,36
5,3.7,1,0,0.6,2,72
5,0.9,1,1,1.9,3,41
3,0.8,1,0,2.7,4,38
8,1.9,0,0,2.3,0,34
1,3.9,1,0,2.6,1,40
6,1.6,1,1,0.3,0,37
5,3.7,0,0,2.0,1,32
5,1.5,0,1,1.1,3,29
2,4.8,1,1,2.4,1,28
2,2.0,1,1,1.9,3,35
4,4.6,1,0,1.4,0,48
2,2.9,1,1,1.8,4,46
2,5.0,1,1,2.6,0,38
9,4.5,1,1,1.4,0,52
3,4.8,1,0,0.5,3,67
4,1.0,0,0,1.1,4,34
2,0.6,1,0,2.5,0,18
0,4.0,1,0,1.0,3,54
4,1.9,0,1,2.1,1,12
0,1.4,1,0,1.9,0,18
1,1.2,0,1,2.3,0,10
1,1.6,1,0,0.5,4,48
1,3.5,0,1,0.8,3,26
5,2.9,0,0,0.6,1,34
0,3.7,0,1,2.1,1,10
5,1.7,0,0,1.0,0,29
3,4.1,1,1,2.0,2,48
5,3.6,1,1,2.5,3,52
4,3.3,1,1,1.7,4,57
1,1.5,0,0,1.8,1,10
4,4.6,0,1,0.7,3,37
3,0.7,0,0,2.5,4,20
0,2.4,0,1,1.3,2,10
9,2.7,1,1,0.8,1,55
7,4.7,0,0,1.3,1,51
2,0.6,0,0,1.4,1,10
2,0.6,1,0,1.8,2,26
5,2.6,0,0,1.1,0,31
8,4.5,1,0,1.0,4,84
8,2.3,1,0,2.5,2,57
6,1.6,1,0,0.6,4,65
9,3.9,0,1,0.7,2,48
6,0.7,1,0,2.3,1,36
3,4.5,0,1,0.7,1,24
6,3.3,1,0,1.8,2,52
7,1.5,1,0,0.8,0,55
8,1.1,0,1,0.6,3,46
3,1.8,0,1,3.0,4,27
6,1.0,0,0,1.4,1,27
2,3.2,0,0,1.1,0,17
7,3.2,1,0,0.7,4,75
0,4.3,1,1,2.5,4,44
3,3.8,0,1,1.7,1,23
9,4.3,1,1,2.2,2,62
3,2.7,0,0,1.3,0,19
0,1.3,1,1,1.2,2,23
7,0.6,0,0,2.3,1,22
5,3.9,0,0,0.3,0,44
4,1.1,1,1,1.7,1,30
3,2.5,1,0,1.4,3,58
1,1.4,1,0,2.3,1,17
8,4.2,0,0,1.2,2,48
4,1.3,0,0,1.8,3,29
6,2.0,0,1,0.4,1,28
8,2.4,1,0,1.8,4,77
8,2.3,1,1,1.3,0,49
0,2.4,1,0,2.8,2,19
2,3.7,1,0,2.8,3,50
5,4.2,0,1,0.3,3,43
3,4.1,0,1,2.9,0,19
5,4.5,0,1,1.0,4,54
2,4.5,0,1,0.1,4,52
1,1.3,1,0,0.1,4,59
3,1.5,1,1,1.7,0,21
3,3.0,1,0,1.2,3,55
6,1.7,1,1,2.5,2,44
9,4.2,1,0,2.5,3,68
0,3.8,1,0,2.5,3,44
4,3.1,0,1,1.2,3,37
3,2.7,0,0,0.9,1,17
4,4.0,1,0,1.6,4,62
5,5.0,0,0,2.7,3,41
3,4.5,1,1,0.3,0,50
6,0.7,1,1,2.6,2,20
3,1.3,0,0,2.4,4,29
3,3.7,1,1,2.4,1,40
0,2.2,1,1,0.8,0,23
2,4.3,1,1,1.5,3,48
7,3.7,1,0,0.4,1,68
3,2.4,1,0,2.8,1,31
0,3.0,0,0,2.5,3,22
4,4.4,0,1,0.4,4,57
8,2.0,0,1,0.3,3,46
0,2.7,0,0,2.3,1,10
6,3.8,0,0,0.1,2,43
2,1.0,1,1,2.7,4,37
2,2.8,0,1,1.0,4,35
4,4.5,1,0,0.9,3,71
3,1.7,1,0,2.1,4,55
1,3.7,1,0,1.9,2,40
5,1.1,1,0,2.5,3,43
8,2.1,1,1,2.8,1,42
6,3.0,0,0,0.2,1,42
3,2.5,1,1,0.8,2,53
5,1.9,0,0,1.8,3,22
7,4.2,1,0,2.2,1,59
6,2.1,1,0,0.0,2,60
1,3.9,0,1,0.2,0,10
9,2.6,0,0,1.1,4,62
0,3.6,0,1,1.0,0,10
0,5.0,1,1,1.2,2,42
8,0.9,1,1,0.6,3,72
4,4.8,0,1,0.2,0,29
9,1.8,1,0,2.3,1,47
3,1.7,0,0,1.4,3,20
6,1.0,0,0,0.4,1,44
3,5.0,0,0,1.8,3,38
1,2.3,0,0,1.2,1,12
1,2.8,0,1,0.5,1,15
9,0.6,0,0,0.6,2,45
9,1.7,0,1,1.5,4,48
2,3.7,1,1,1.9,4,52
2,3.2,1,0,3.0,0,36
0,2.3,0,1,2.4,1,10
8,2.8,0,1,2.4,2,34
2,1.7,1,0,0.0,0,28
4,4.1,1,1,0.5,2,59
9,2.2,0,1,0.9,0,26
3,3.7,1,0,0.3,3,64
8,4.2,0,1,3.0,2,45
2,2.5,1,0,0.2,1,42
0,1.8,1,0,2.0,4,34
3,3.1,0,0,0.5,3,44
3,1.6,1,0,1.7,4,47
3,3.1,0,1,1.3,2,32
4,4.1,0,1,0.7,1,30
1,2.6,1,1,2.5,1,26
1,1.7,1,1,1.8,0,22
