skill_match_pct,exp_years,role_match,location_match,edu_match,score
0.4,4.1,1,0,0,45
0.31,10.8,0,1,0,43
0.91,1.7,1,1,0,69
0.27,8.0,0,0,0,23
0.37,13.9,0,0,1,43
0.17,10.0,0,0,1,29
0.18,4.0,1,1,0,41
0.53,14.6,1,1,0,65
0.24,13.8,0,1,1,50
0.83,13.2,0,0,1,62
0.97,8.2,1,0,0,62
0.73,4.0,1,1,0,65
0.03,4.6,1,1,0,38
0.38,0.9,1,1,1,52
0.21,9.3,0,0,0,18
0.02,2.6,1,1,1,44
0.34,4.2,1,1,0,48
0.28,5.3,0,0,0,14
0.75,13.7,1,1,1,87
0.77,2.9,1,0,0,58
0.9,2.0,1,0,0,68
0.32,0.2,1,0,1,42
0.62,6.6,1,0,1,68
0.17,12.6,0,0,1,44
0.5,4.0,1,1,0,59
0.98,12.9,0,0,0,57
0.39,8.5,1,0,0,57
0.72,1.1,1,1,0,56
0.81,11.6,1,0,1,70
0.9,8.2,0,0,0,52
0.17,13.5,1,1,1,64
0.74,4.0,0,0,1,51
0.44,3.9,1,1,0,52
0.66,11.4,1,1,1,89
0.29,2.4,1,1,0,46
0.11,1.7,1,0,0,38
0.12,3.7,1,1,1,52
0.86,11.0,1,1,1,97
0.19,4.3,0,0,1,26
0.75,10.9,1,1,0,78
0.01,14.0,1,0,1,51
0.86,2.0,1,0,1,71
0.92,0.7,0,0,0,35
0.11,14.9,0,0,0,11
0.69,6.7,1,1,0,71
0.49,15.0,0,1,1,56
0.5,9.4,1,0,0,62
0.94,12.3,0,1,1,76
0.77,12.1,0,1,1,78
0.51,11.9,1,0,1,66
0.4,6.0,1,0,1,59
0.34,8.4,1,1,1,66
0.42,9.8,1,1,1,76
0.9,9.0,1,1,0,81
0.17,0.0,0,0,1,29
0.55,3.1,0,1,0,45
0.44,12.1,0,0,1,49
0.13,2.2,1,1,0,41
0.42,0.7,1,0,1,56
0.91,13.7,0,1,1,77
0.56,12.3,1,0,1,77
0.22,6.3,0,1,1,38
0.14,3.9,0,0,1,22
0.41,0.0,0,0,1,30
0.12,1.3,0,0,1,18
0.35,4.5,1,0,1,43
0.19,6.4,0,1,1,43
0.83,1.6,1,1,0,70
0.25,0.4,1,1,0,35
0.77,12.4,1,0,1,82
0.83,14.1,0,1,0,65
0.53,12.8,1,0,0,63
0.86,1.4,1,1,1,83
0.21,8.1,0,1,1,31
0.94,14.2,1,1,1,91
0.69,7.7,0,1,1,65
0.85,4.7,1,0,1,78
0.35,12.2,0,1,0,36
0.97,5.2,0,0,0,55
0.05,7.6,0,0,0,18
0.07,9.1,1,0,1,50
0.73,0.5,0,1,1,47
0.86,11.2,0,1,1,64
0.81,5.5,0,0,1,52
0.15,5.0,0,0,1,35
0.57,7.8,1,1,0,64
0.48,7.3,1,1,0,57
0.94,7.4,0,1,0,65
0.85,8.8,1,1,0,82
0.95,10.2,1,1,0,88
0.15,12.7,0,1,0,40
0.98,13.6,0,1,0,68
0.29,2.5,1,0,1,45
0.11,4.7,0,0,1,26
0.79,1.2,0,0,1,45
0.78,5.0,0,1,0,56
0.32,11.8,0,0,0,22
0.03,10.2,1,0,0,35
0.04,9.1,1,1,0,49
0.7,6.9,0,1,0,57
0.85,4.0,0,1,1,57
0.07,5.6,0,0,1,32
0.26,13.4,0,0,1,47
0.55,9.4,0,1,1,67
0.82,3.5,0,0,1,43
0.46,13.4,1,0,0,47
0.91,0.7,1,1,0,67
0.96,12.2,1,0,0,76
0.16,2.8,1,1,1,60
0.96,8.3,1,1,1,96
0.07,7.2,0,1,1,35
0.94,0.6,0,0,0,38
0.68,12.0,0,0,1,54
0.48,11.1,1,0,1,66
0.18,13.7,0,0,1,31
0.61,6.7,0,1,0,49
0.86,9.3,1,1,0,82
0.22,6.7,1,1,0,50
0.5,5.4,0,1,0,41
0.12,3.0,0,0,0,10
0.43,2.6,0,1,1,47
0.91,0.9,0,1,1,59
0.38,13.2,0,0,1,51
0.6,11.9,0,0,1,56
0.32,1.7,0,0,1,21
0.7,12.9,1,1,0,81
0.65,6.0,1,1,0,70
0.15,13.0,1,0,0,45
0.61,7.7,1,0,0,62
0.45,14.0,1,0,0,54
0.32,14.0,1,0,1,62
0.91,5.5,1,0,1,79
0.5,0.1,1,1,0,49
0.79,9.6,0,1,1,77
0.33,10.3,0,1,1,42
0.88,3.1,0,0,0,36
0.9,2.6,1,0,1,60
0.22,10.4,1,1,1,74
0.38,5.9,1,0,1,67
0.12,12.4,0,0,0,29
0.73,12.3,0,0,1,62
0.95,3.1,1,1,0,79
0.55,2.4,1,1,1,63
0.3,10.4,0,1,0,36
0.47,6.6,0,0,0,26
0.33,6.0,0,0,1,37
0.17,13.1,0,0,1,28
0.82,13.2,0,1,1,70
0.11,14.6,1,1,0,61
0.59,11.0,1,1,0,70
0.55,2.5,1,0,1,56
0.16,3.4,1,0,1,43
0.34,3.9,1,1,0,55
0.61,9.4,0,1,1,57
0.24,5.2,1,0,0,46
0.94,9.1,1,1,0,88
0.2,5.0,0,1,0,28
0.96,11.8,0,1,0,70
0.34,6.9,1,0,1,57
0.11,7.5,1,1,1,61
0.47,2.0,1,0,0,38
0.84,0.5,1,0,0,51
0.53,5.7,1,1,0,67
0.35,7.9,1,1,1,71
0.64,12.4,1,1,0,75
0.9,9.1,1,1,1,88
0.46,13.9,1,0,1,65
0.49,3.1,1,0,0,55
0.8,12.2,1,1,1,92
0.22,2.5,1,1,0,46
0.31,5.0,1,0,0,48
0.08,2.4,0,1,0,10
0.41,5.6,1,1,0,57
0.14,9.2,1,1,0,55
0.15,3.8,1,1,0,45
0.11,4.9,0,0,0,10
0.45,13.0,0,1,0,50
0.73,9.8,0,0,0,43
0.03,7.2,0,1,0,20
0.17,12.5,1,1,1,70
0.05,8.0,1,0,1,45
0.58,3.9,1,1,1,70
0.28,11.1,1,1,0,65
0.65,13.0,1,0,0,64
0.79,13.7,0,1,1,77
0.93,13.1,1,1,0,90
0.68,10.7,0,1,1,66
0.41,6.8,1,0,1,61
0.26,3.5,1,1,1,57
0.41,13.8,1,0,1,67
0.22,0.2,1,1,0,38
0.16,14.8,0,0,1,29
0.17,7.2,0,0,0,23
0.27,5.5,0,1,1,49
0.85,12.6,0,0,0,55
0.38,14.2,0,1,1,58
0.8,13.2,1,1,0,78
0.09,10.8,0,1,1,48
0.87,1.1,1,0,1,62
0.64,14.7,1,0,1,81
0.89,13.4,1,1,0,79
0.64,1.7,1,1,1,64
0.97,11.1,1,1,0,90
0.41,14.9,0,1,0,44
0.16,1.5,0,1,0,20
0.94,10.2,1,0,1,91
0.17,0.4,0,1,1,28
0.09,0.2,1,0,1,39
0.95,9.2,1,1,0,82
0.32,2.6,1,1,0,51
0.09,0.2,0,0,1,18
0.5,6.5,0,0,1,48
0.7,10.3,1,1,0,63
0.83,11.9,0,0,1,54
0.56,10.1,0,0,1,53
0.6,10.6,0,0,0,51
0.88,7.6,0,1,0,65
0.63,14.0,0,1,0,56
0.19,1.7,0,1,0,12
0.91,11.2,1,1,1,87
0.58,14.4,0,0,0,36
0.82,12.4,1,1,0,84
0.49,4.4,1,0,0,48
0.14,1.0,0,1,1,34
0.56,14.9,0,0,1,55
0.35,11.6,0,0,1,39
0.37,14.2,0,0,0,36
0.78,1.7,1,1,0,65
0.53,8.9,1,0,1,76
0.63,6.9,0,0,1,50
0.7,14.9,1,0,1,76
0.55,5.2,0,1,0,39
0.83,11.8,1,1,0,90
0.78,2.8,1,0,0,62
0.65,3.1,0,1,1,56
0.63,14.7,0,0,1,65
0.61,3.1,0,1,0,38
0.14,0.1,1,0,1,36
0.28,4.4,0,1,0,29
0.42,11.3,1,0,1,71
0.39,3.3,0,0,0,17
0.29,8.4,0,1,1,45
0.36,6.4,1,1,1,62
0.59,14.9,1,1,1,83
0.39,1.8,0,1,0,38
0.07,13.7,0,1,0,33
0.89,6.1,1,1,0,78
0.2,8.4,1,0,1,54
0.82,12.3,1,1,1,93
0.5,14.1,1,0,1,68
0.96,1.2,1,0,0,62
0.3,8.4,1,1,0,64
0.17,7.7,1,0,0,35
0.91,8.1,0,1,1,82
0.08,3.4,0,0,0,11
0.98,10.6,0,0,0,51
0.11,0.9,1,1,1,55
0.39,1.8,0,1,0,31
0.12,8.5,0,1,0,22
0.91,11.1,1,0,0,69
0.46,5.0,1,1,1,67
0.49,9.1,1,0,0,55
0.01,10.6,0,0,1,26
0.76,10.3,0,1,0,60
0.96,14.9,1,0,0,81
0.14,13.1,1,1,0,48
0.29,11.8,0,0,1,38
0.22,7.9,1,0,0,37
0.7,5.8,0,0,1,51
0.25,11.7,1,1,0,61
0.16,0.7,0,1,0,10
0.49,1.0,1,1,0,46
0.91,14.4,1,0,1,84
0.89,5.9,1,0,0,69
0.05,9.4,0,0,0,21
0.53,6.0,0,1,1,48
0.87,8.2,1,0,1,77
0.61,11.6,1,1,1,78
0.52,11.9,0,1,0,55
0.78,7.4,1,1,0,84
0.08,14.2,0,1,1,47
0.52,0.7,0,0,1,27
0.77,9.0,1,0,0,76
0.51,7.3,0,1,1,57
0.46,3.0,0,1,0,36
0.04,9.4,0,0,0,20
0.22,14.9,0,0,1,32
0.36,13.6,0,1,1,50
0.87,4.1,1,0,1,73
0.01,13.9,1,1,1,55
0.97,4.3,0,0,0,47
0.73,12.0,1,0,0,63
0.63,10.8,1,1,0,75
0.56,3.5,0,0,0,15
0.14,8.2,1,0,0,45
0.97,9.7,1,1,1,98
0.92,11.3,1,1,0,96
0.69,1.5,1,1,0,55
0.59,13.4,0,0,0,39
0.28,0.9,1,1,1,48
0.05,6.6,1,0,0,37
0.65,9.1,0,0,0,48
0.73,2.1,1,1,1,79
0.07,4.7,1,1,0,48
0.65,4.6,1,1,0,63
0.84,7.5,1,0,1,77
0.84,0.6,1,0,1,75
0.17,9.8,0,0,1,30
0.31,14.7,1,1,1,72
0.25,5.5,1,1,1,64
0.4,0.7,1,0,0,29
0.41,1.8,1,0,1,56
0.49,14.0,0,0,0,39
0.8,5.9,1,0,0,59
0.53,11.2,0,0,1,38
0.33,7.6,0,1,0,28
0.38,6.6,1,0,0,51
0.72,3.9,0,0,0,34
0.78,12.4,1,0,1,90
0.46,0.4,1,0,1,50
0.44,0.9,1,1,1,57
0.57,3.7,0,1,0,43
0.14,1.8,0,0,1,18
0.55,13.4,0,0,0,35
0.96,6.5,1,0,0,73
0.25,12.5,0,0,0,26
0.78,11.3,1,1,1,98
0.89,4.8,0,1,1,71
0.72,5.0,0,0,1,52
0.33,9.4,0,0,1,39
0.5,11.3,0,0,0,38
0.57,13.2,1,1,0,76
0.14,1.3,1,1,1,43
0.82,2.8,0,1,0,52
0.16,0.9,0,0,1,13
0.83,4.7,0,0,0,43
0.93,3.3,1,0,0,64
0.89,14.0,1,0,1,90
0.13,3.9,1,0,1,47
0.22,13.6,1,0,1,66
0.5,8.5,0,0,1,43
0.31,13.2,0,1,1,53
0.8,13.1,0,1,1,67
0.47,7.0,1,0,0,55
0.86,11.6,0,1,1,75
0.52,12.0,1,0,1,75
0.09,4.8,1,1,0,39
0.45,7.3,0,1,0,43
0.63,11.2,0,1,0,72
0.93,8.2,0,0,0,54
0.14,5.7,1,1,1,64
0.43,9.4,1,0,0,56
0.25,12.6,0,1,1,53
0.39,8.7,1,1,0,66
0.3,1.3,0,1,0,21
0.94,13.7,1,1,1,96
0.83,9.1,0,0,0,52
0.14,1.6,0,0,0,10
0.67,4.3,1,0,0,44
0.18,12.8,1,1,0,47
0.56,6.6,0,1,0,42
0.58,9.5,1,0,0,60
0.35,1.5,1,0,0,36
0.8,6.7,1,0,0,72
0.66,9.4,1,1,0,73
0.33,13.3,0,1,1,57
0.46,5.6,1,1,1,65
0.25,7.7,1,0,0,49
0.37,0.2,0,0,0,12
0.9,5.0,0,1,0,60
0.86,10.3,1,1,0,81
0.8,11.1,0,1,0,65
0.37,4.4,1,0,1,55
0.71,1.5,1,1,0,55
0.72,7.5,1,1,1,79
0.29,9.0,0,1,0,40
0.26,3.2,1,0,0,34
0.36,14.8,0,0,1,40
0.22,4.2,1,1,0,43
0.98,3.8,0,1,0,55
0.55,5.6,0,0,0,34
0.19,11.8,0,1,0,41
0.76,5.9,0,0,1,60
0.55,6.2,1,1,0,62
0.15,11.2,0,1,1,50
0.03,14.3,1,1,1,60
0.01,4.7,0,0,1,18
0.15,3.0,1,1,1,61
0.52,0.6,1,0,0,36
0.76,13.8,0,1,0,57
0.2,4.3,1,0,0,46
0.18,3.3,0,1,1,30
0.36,3.8,0,0,0,22
0.09,3.3,1,1,1,47
0.73,14.6,0,0,0,49
0.79,14.6,1,1,0,83
0.67,8.3,1,1,1,88
0.89,9.9,1,0,1,84
0.63,0.5,1,0,1,58
0.81,3.9,1,1,1,76
0.77,5.4,1,1,0,69
0.69,3.8,1,0,0,59
0.05,5.2,0,0,1,22
0.69,12.5,1,1,0,73
0.03,3.6,1,0,1,42
0.84,5.2,1,1,1,80
0.82,8.1,0,1,0,54
0.95,10.5,1,0,0,78
0.4,12.9,0,0,0,36
0.65,11.8,0,1,1,68
0.0,7.8,0,1,0,34
0.46,3.5,1,0,0,40
0.45,11.8,0,0,0,37
0.17,0.4,1,1,0,42
0.06,2.5,0,0,1,15
0.18,7.5,0,1,1,42
0.77,11.7,1,1,0,82
0.39,10.2,1,0,0,65
0.47,14.8,1,1,0,68
0.27,11.9,1,1,1,70
0.62,5.0,0,0,1,46
0.41,11.1,1,0,0,65
0.67,14.9,1,0,0,62
0.87,14.6,1,0,1,91
0.99,14.1,1,0,0,84
0.58,2.8,0,1,0,29
0.58,6.1,1,1,1,77
0.92,2.2,1,1,0,73
0.66,8.5,0,0,0,50
0.14,0.8,1,0,0,30
0.49,14.6,0,0,1,51
0.29,4.7,0,1,1,35
0.07,3.6,1,1,1,50
0.19,9.5,1,1,0,50
0.2,2.4,0,1,1,29
0.85,8.7,0,1,0,57
0.2,1.1,1,0,0,35
0.81,2.9,1,0,1,69
0.15,12.2,0,0,0,19
0.09,3.4,1,1,0,40
0.37,0.8,1,1,1,52
0.27,3.9,0,1,0,37
0.33,1.9,1,1,0,40
0.98,8.0,0,0,0,56
0.26,10.3,1,1,1,59
0.55,2.8,0,0,1,33
0.74,5.1,1,1,1,86
0.24,1.3,1,1,1,53
0.25,10.2,1,0,1,56
0.21,0.8,0,0,1,27
0.05,2.9,0,1,1,24
0.37,8.0,1,0,0,54
0.72,10.5,1,0,1,75
0.05,2.7,0,0,0,10
0.98,4.6,0,0,0,56
0.29,14.1,0,0,1,52
0.7,13.4,1,0,1,85
0.28,3.2,1,0,1,51
0.84,10.0,0,0,0,44
0.98,5.8,0,0,0,56
0.86,10.5,1,0,1,93
0.0,7.3,1,1,1,50
0.21,6.2,0,0,0,15
0.12,14.9,1,0,0,40
0.72,1.8,0,1,1,54
0.78,0.3,1,1,0,69
0.19,7.2,1,1,0,47
0.67,1.3,0,0,1,36
0.26,9.5,1,1,0,58
0.58,11.0,0,1,1,63
0.3,1.3,1,0,0,34
0.73,6.2,1,1,0,61
0.81,13.8,1,1,0,82
0.48,11.6,0,0,0,39
0.28,7.8,0,0,1,42
0.34,7.3,1,0,1,49
0.53,11.2,1,0,0,58
0.88,11.4,1,0,1,85
0.02,1.5,0,1,0,18
0.96,11.9,0,0,0,69
0.34,11.2,1,0,0,63
0.81,12.4,0,0,0,52
0.13,10.8,1,0,1,55
0.55,1.9,1,0,0,44
0.06,14.5,0,1,0,26
0.36,5.3,1,0,0,41
0.9,7.9,1,1,1,91
0.3,6.3,1,0,0,38
0.91,0.7,1,1,0,66
0.55,2.8,1,0,1,60
0.6,0.0,1,1,0,51
0.06,4.3,1,0,1,33
0.23,4.1,1,1,1,49
0.13,3.9,0,0,1,24
0.59,4.2,0,0,1,36
0.45,5.5,0,1,1,60
0.81,4.1,0,1,0,49
0.84,14.9,1,1,1,100
0.18,14.1,1,0,1,58
0.64,3.1,0,1,1,55
0.04,3.3,0,0,0,10
0.0,2.3,0,0,1,11
0.29,11.7,1,1,1,65
0.65,6.4,1,0,0,61
0.64,12.4,1,1,0,78
0.19,1.8,0,1,0,24
0.79,13.1,0,0,0,50
0.05,13.1,0,0,0,24
0.85,12.2,1,0,1,79
0.33,14.6,0,0,1,43
0.65,14.5,0,0,0,53
0.03,5.0,0,0,1,33
0.92,0.2,0,1,1,60
0.39,1.7,1,0,0,36
0.13,14.2,1,0,1,60
0.28,5.0,1,0,0,47
0.42,2.2,1,0,0,47
0.09,10.0,1,0,0,46
0.45,1.1,1,1,0,47
0.34,12.8,0,1,1,51
0.88,14.5,1,1,0,83
0.85,1.3,0,1,1,52
0.19,4.8,0,1,0,24
0.58,6.0,1,1,0,61
0.59,9.7,0,1,0,68
0.51,13.5,1,1,0,69
0.51,11.6,1,0,0,53
0.31,2.0,0,0,0,16
0.05,7.6,0,0,1,26
0.5,8.7,0,0,0,39
0.21,0.9,1,0,1,37
0.44,10.6,0,0,0,47
0.02,12.5,1,1,0,47
0.89,9.9,1,0,1,80
0.44,13.1,1,0,0,59
0.66,8.9,0,1,0,61
0.08,3.0,1,0,1,36
0.97,11.7,0,0,0,57
0.39,0.8,0,1,0,36
0.45,14.0,1,1,1,79
0.44,3.5,1,1,0,54
0.6,14.0,1,0,1,69
0.5,5.6,0,1,0,41
0.43,3.8,1,0,0,52
0.94,5.7,1,0,1,74
0.8,12.0,1,1,1,94
0.1,4.3,1,1,1,57
0.02,3.0,0,1,0,26
0.69,10.7,1,1,1,95
0.23,11.1,0,1,0,29
0.49,13.9,1,0,0,61
0.56,14.5,1,0,0,55
0.08,7.6,1,0,1,53
0.31,0.6,1,1,0,38
0.63,6.1,1,0,1,73
0.39,7.8,0,1,0,44
0.64,13.6,0,1,0,55
0.47,1.6,0,0,1,39
0.58,0.9,0,1,0,31
0.11,14.9,1,1,1,61
0.29,5.2,0,1,1,39
0.83,13.7,1,1,0,82
0.43,2.2,0,0,0,22
0.75,10.8,0,0,1,64
0.47,10.4,0,0,0,39
0.31,12.6,1,1,0,57
0.94,5.9,0,0,1,60
0.14,3.4,0,1,1,39
0.1,10.5,0,1,1,54
0.59,9.3,1,0,0,54
0.72,13.9,0,1,0,59
0.69,8.7,0,0,1,52
0.24,6.8,1,0,1,52
0.99,11.5,0,1,1,77
0.42,5.6,1,0,0,52
0.9,9.1,0,0,1,66
0.63,12.1,1,0,0,65
0.53,9.8,0,1,0,51
0.95,8.1,1,1,1,88
0.71,7.2,0,1,1,63
0.45,8.0,1,0,0,55
0.66,14.9,1,1,1,84
0.59,11.1,0,1,1,55
0.51,11.2,1,1,0,67
0.53,9.1,1,1,1,76
0.09,11.3,0,0,0,18
0.05,9.3,1,0,1,48
0.07,6.9,0,1,0,20
0.82,0.4,1,1,1,77
0.51,13.2,0,1,0,60
0.31,12.6,0,0,0,31
0.42,4.0,1,1,1,63
0.04,9.2,1,1,0,47
0.35,6.8,0,1,1,43
1.0,1.3,1,1,1,86
0.08,7.8,0,0,1,34
0.99,9.5,1,0,1,89
0.7,4.0,0,0,1,42
0.33,14.4,0,0,0,40
0.63,6.1,1,1,1,81
0.62,9.8,0,1,0,52
0.16,1.1,1,0,1,35
0.58,12.7,1,0,0,66
0.95,2.1,1,0,1,78
0.49,13.3,0,0,1,47
0.74,5.2,1,0,1,67
0.46,5.6,0,0,0,28
0.25,10.2,1,1,1,74
0.89,0.6,1,0,0,51
0.15,2.4,0,1,0,19
0.98,9.9,0,0,1,71
0.04,14.5,0,1,0,32
0.15,1.4,0,0,0,10
0.97,0.8,0,1,0,47
0.87,14.2,0,1,1,76
0.5,10.7,1,1,0,77
0.08,6.4,0,0,0,24
0.04,11.4,1,1,0,51
0.97,4.9,0,1,1,61
0.21,6.4,0,1,1,41
0.45,5.9,0,1,1,50
0.07,5.0,1,1,1,59
0.6,2.9,1,0,0,49
0.82,2.3,1,0,0,50
0.42,13.1,0,0,0,35
0.04,14.7,1,0,0,35
0.77,9.5,0,1,0,62
0.57,11.4,1,1,1,79
0.05,14.2,0,1,0,39
0.85,11.3,0,1,1,77
0.0,7.0,0,0,1,30
0.4,2.1,1,0,0,40
0.64,1.6,1,0,1,61
0.47,0.3,0,1,0,33
0.35,2.2,0,1,0,30
0.8,2.6,1,0,1,71
0.78,1.4,1,0,0,57
0.78,9.8,0,0,0,49
0.74,11.8,1,1,1,90
0.81,5.2,1,1,1,87
0.26,6.4,1,1,1,68
0.25,12.9,1,0,0,48
0.42,3.6,1,0,1,64
0.26,8.3,0,1,0,40
0.34,7.8,0,1,1,56
0.24,1.9,1,1,1,51
0.92,4.5,1,1,0,76
0.02,10.7,1,0,1,40
0.49,1.6,0,1,1,45
0.22,5.3,1,1,0,53
0.51,10.5,0,1,1,63
0.83,12.0,1,1,1,90
0.9,5.8,1,0,1,77
0.07,15.0,1,0,1,56
0.5,13.1,1,0,1,74
0.46,5.1,0,0,0,27
0.24,13.7,1,1,1,70
0.99,0.7,0,0,0,42
0.74,11.4,1,1,1,91
0.14,5.7,1,0,1,48
0.62,7.8,1,1,1,82
0.41,3.2,1,0,0,42
0.39,6.4,0,1,0,37
0.07,11.1,0,0,1,36
0.88,7.7,0,1,1,79
0.07,4.2,1,0,1,36
0.38,11.9,0,0,0,31
0.76,3.7,1,0,0,49
0.24,5.1,0,1,0,28
0.65,13.7,0,0,0,42
0.05,11.6,1,0,1,43
0.16,0.9,1,0,0,24
0.28,12.1,1,0,1,58
0.17,11.4,0,0,0,23
0.85,2.8,0,0,1,56
0.94,11.2,0,1,1,77
0.29,5.2,0,0,0,27
0.23,2.3,1,1,0,48
0.45,3.1,1,0,1,45
0.27,13.5,0,1,0,44
0.0,13.9,0,0,1,31
0.98,12.0,1,0,1,98
0.31,11.4,0,1,0,48
0.06,4.0,1,1,1,56
0.43,13.0,0,1,1,56
0.15,0.3,1,0,1,39
0.93,10.8,0,0,1,66
0.61,0.9,1,1,1,58
0.15,1.0,1,0,1,36
0.59,5.5,0,0,1,45
0.61,3.3,1,0,1,62
0.94,11.2,1,0,1,81
0.96,11.4,1,0,0,76
0.65,3.5,0,1,0,45
0.25,2.2,1,1,0,46
0.32,5.5,0,1,1,50
0.26,3.2,0,0,1,34
0.7,8.9,0,1,0,58
0.15,6.3,1,0,0,39
0.58,1.6,1,1,1,76
0.03,2.0,0,1,1,20
0.23,5.0,0,0,0,12
0.9,8.5,0,0,0,54
0.25,14.3,1,1,1,69
0.95,1.9,0,1,1,66
0.29,4.5,1,1,0,62
0.43,10.5,1,1,0,60
0.59,9.4,1,1,0,71
0.11,15.0,0,1,1,37
0.01,13.0,0,1,1,42
0.23,6.5,1,0,1,52
0.71,5.0,1,0,0,64
0.48,3.9,0,1,1,45
0.63,5.2,0,0,0,30
0.4,1.7,1,1,1,53
0.72,13.2,1,0,0,73
0.08,10.0,0,1,0,30
0.05,2.9,1,1,0,35
0.39,4.2,0,1,1,44
0.47,12.6,0,0,0,33
0.85,6.0,1,1,0,76
0.58,1.6,1,0,0,51
0.98,12.1,0,0,1,62
0.56,4.8,0,0,1,36
0.3,7.6,0,0,1,46
0.03,13.3,0,1,0,27
0.97,9.4,0,0,0,44
0.47,0.2,0,0,1,29
0.42,5.4,0,0,0,22
0.71,1.3,0,1,0,46
0.77,0.3,0,1,1,49
0.82,14.1,1,1,1,92
0.37,8.2,0,1,1,54
0.49,14.1,0,0,1,46
0.29,7.4,1,1,1,70
0.85,13.9,0,0,0,53
0.74,5.3,0,1,1,59
0.83,3.1,0,0,1,47
0.02,8.4,0,0,0,14
0.73,6.4,1,0,0,71
0.74,12.3,0,0,0,53
0.31,3.9,0,1,0,39
0.63,1.6,1,0,0,45
0.43,9.9,1,1,1,70
0.51,9.6,0,0,1,42
0.82,11.9,0,0,0,48
0.32,4.3,0,1,0,31
0.54,10.7,1,0,0,60
0.43,11.5,0,0,1,37
0.31,10.4,1,1,1,74
0.27,2.2,1,0,1,45
0.59,2.0,1,1,1,69
0.37,2.7,1,1,0,48
0.82,1.8,1,1,1,74
0.34,2.2,0,1,0,22
0.73,6.1,0,0,1,59
0.18,3.5,0,0,0,10
0.25,13.3,0,0,1,46
0.38,9.5,0,1,0,46
0.96,7.0,0,0,0,43
0.29,13.8,0,0,0,27
0.26,5.9,0,0,0,23
0.02,8.1,1,1,1,64
0.38,12.8,0,0,1,49
0.33,13.1,0,0,1,42
0.45,14.1,0,1,0,40
0.01,14.5,1,0,0,39
0.75,12.4,1,1,0,78
0.86,0.4,1,0,1,66
0.97,7.4,0,1,1,77
0.57,11.6,0,1,0,54
0.33,9.6,1,0,0,60
0.57,12.6,0,0,1,56
0.47,13.4,0,1,0,41
0.58,7.8,0,0,1,48
0.22,13.5,1,1,1,61
0.51,9.3,1,0,0,55
0.17,13.9,0,1,1,40
0.18,7.8,1,0,0,46
0.44,7.7,0,0,1,41
0.03,12.6,0,0,1,28
0.83,3.1,0,0,1,44
0.48,5.2,0,1,0,34
0.61,14.1,1,1,0,76
0.52,10.9,1,0,1,68
0.95,3.2,0,1,1,60
0.56,11.2,0,0,0,43
0.61,7.2,0,1,1,56
0.85,0.4,0,0,0,31
0.48,2.6,1,0,0,38
0.89,4.5,0,0,1,53
0.81,14.6,0,1,1,72
0.12,10.8,0,1,1,45
0.5,7.4,1,0,0,53
0.73,11.3,0,0,0,46
0.18,3.6,0,0,1,20
0.62,11.5,1,1,0,80
0.56,0.2,0,0,0,19
0.23,4.9,0,1,1,41
0.45,14.8,0,1,0,50
0.64,14.5,1,0,1,73
0.31,0.1,0,1,0,23
0.92,6.8,1,1,1,85
0.31,8.4,1,0,1,63
0.11,2.8,0,0,1,12
0.36,7.9,1,1,0,57
0.47,4.2,1,1,1,70
0.08,7.3,1,1,0,50
0.97,13.8,0,1,0,72
0.78,11.6,0,0,1,65
0.52,5.5,1,0,0,57
0.79,2.6,0,0,1,44
0.38,1.3,0,0,1,27
0.06,8.0,0,1,0,25
0.06,12.4,0,1,0,35
0.78,9.0,1,1,0,83
0.98,7.3,0,0,1,56
0.96,4.1,1,1,0,80
0.67,12.3,1,1,0,79
0.33,4.4,0,1,1,52
0.66,0.5,1,0,1,58
0.46,8.0,1,0,0,54
0.23,5.9,1,1,1,58
0.3,0.1,1,1,1,54
0.42,1.2,0,0,0,23
0.84,13.8,1,0,0,75
0.33,10.7,0,1,0,39
0.44,3.8,0,0,0,22
0.79,6.6,1,0,1,79
0.05,10.4,1,1,0,55
0.18,7.8,0,1,1,42
0.41,10.7,1,0,1,71
0.4,12.4,1,0,0,62
0.23,7.4,0,1,1,47
0.09,12.9,1,1,0,51
0.57,3.4,0,1,1,51
0.21,13.5,1,0,1,70
0.72,6.2,1,1,1,83
0.25,1.6,0,0,1,18
0.06,10.8,1,1,1,53
0.86,9.5,1,1,0,82
0.79,3.9,0,0,0,39
0.94,5.5,1,0,0,66
0.18,10.4,0,1,0,35
0.74,0.0,0,0,1,39
0.31,14.0,1,1,1,66
0.8,11.1,1,1,1,93
0.36,2.4,0,1,0,30
0.98,8.2,1,1,0,88
1.0,9.6,1,1,1,100
0.24,10.5,1,0,1,58
0.43,2.5,0,0,1,32
0.1,12.3,1,0,1,50
0.8,1.1,0,1,0,47
0.36,11.0,0,0,0,36
0.45,2.8,0,0,0,23
0.68,8.6,1,1,0,72
0.69,9.1,1,1,1,80
0.08,14.8,1,0,0,37
0.29,10.9,0,0,0,27
0.83,7.8,1,1,1,93
0.44,6.1,1,1,1,69
0.04,6.1,1,0,0,33
0.66,11.5,0,0,0,44
0.67,9.2,0,0,0,42
0.97,1.0,0,0,0,37
0.25,11.8,0,1,1,49
0.46,0.3,1,0,1,47
0.43,1.1,1,1,1,58
0.23,14.2,0,0,1,41
0.66,8.0,0,1,1,69
0.55,1.7,0,1,1,55
0.75,2.0,1,0,1,58
0.5,0.1,0,1,0,25
0.05,2.6,1,0,1,36
0.11,10.5,1,1,1,55
0.73,5.6,1,0,0,61
0.83,4.3,1,1,1,82
0.63,5.5,1,0,1,75
0.14,14.1,0,1,1,47
0.13,14.2,1,1,0,57
0.73,9.6,0,0,1,62
0.42,12.0,1,0,1,55
0.02,9.7,0,0,0,23
0.45,8.5,1,1,0,66
0.81,13.0,1,0,1,79
0.71,13.5,0,0,1,56
0.43,8.5,0,1,0,47
0.12,8.3,0,1,1,48
0.65,11.0,1,0,0,65
0.17,1.8,0,0,0,10
0.9,14.4,1,0,0,74
0.89,6.9,0,0,0,44
0.86,14.7,1,1,0,85
0.33,13.2,0,0,0,26
0.85,8.8,0,0,1,67
0.45,4.2,0,1,0,32
0.42,13.4,0,0,0,36
0.8,11.4,1,0,1,84
0.38,6.2,1,1,0,52
0.02,14.0,1,0,0,40
0.91,11.3,1,1,0,89
0.63,14.0,0,0,0,43
0.6,13.7,0,0,1,47
0.46,9.4,0,0,0,40
0.56,10.5,0,0,1,65
0.4,4.9,1,1,1,76
0.0,7.0,1,0,0,40
0.31,1.7,1,1,1,60
0.04,14.3,1,0,1,50
0.68,2.6,0,1,1,49
0.81,2.4,1,1,0,77
0.98,5.1,1,0,0,65
0.74,11.3,1,0,0,67
0.75,12.1,0,0,0,49
0.87,14.2,0,0,1,68
0.28,1.7,0,0,0,11
0.87,3.6,1,0,0,60
0.57,14.0,1,0,1,70
0.25,0.8,0,0,0,10
0.32,11.7,1,0,0,49
0.05,10.5,0,0,0,23
0.68,13.7,1,0,0,59
0.82,4.6,0,0,1,58
0.76,2.4,0,0,0,32
0.91,13.4,0,0,0,52
0.05,1.0,1,1,0,43
0.47,11.6,0,1,1,61
0.53,14.8,0,1,0,46
0.6,10.6,0,1,1,58
0.64,7.8,1,0,1,67
0.12,1.4,0,0,1,22
0.62,13.0,1,1,1,84
0.51,0.0,1,0,0,45
0.23,11.3,1,1,0,68
0.76,1.1,1,1,0,54
0.36,14.0,1,1,1,88
0.37,3.6,1,0,0,39
0.62,14.2,1,1,0,72
0.28,11.9,1,1,1,69
0.72,0.4,0,1,1,50
0.8,11.2,1,1,1,89
0.33,12.2,0,0,1,49
0.07,14.1,0,1,1,38
0.07,12.6,1,1,0,58
0.23,0.1,0,0,0,14
0.04,7.2,0,0,1,15
0.78,5.8,0,0,1,62
0.34,11.8,1,0,0,58
0.36,10.4,0,0,0,28
0.05,2.1,1,0,0,26
0.09,0.2,1,0,0,15
0.6,3.7,1,1,0,62
0.81,11.4,0,1,0,65
0.17,13.2,0,1,0,36
0.09,13.6,1,0,1,44
0.91,10.6,1,0,1,80
0.68,11.5,0,0,1,71
0.37,6.7,1,1,0,59
0.57,10.1,1,0,1,71
0.39,5.7,0,0,0,33
0.42,6.5,0,0,0,25
0.92,13.9,1,1,0,93
0.36,0.8,0,0,1,21
0.86,3.4,0,1,0,55
0.09,4.6,1,1,0,41
0.69,1.0,0,1,1,38
0.62,14.9,0,0,1,49
0.33,2.8,1,1,1,53
0.23,1.8,1,0,1,44
0.47,13.9,0,1,0,49
0.45,12.4,1,1,1,84
0.39,5.0,0,1,1,40
0.12,9.3,0,1,1,47
0.29,11.6,1,0,0,53
0.44,3.9,1,1,0,58
0.78,6.2,0,1,1,66
0.4,10.6,0,0,1,44
0.9,0.6,1,1,0,63
0.56,10.0,0,0,0,48
0.87,14.1,0,1,1,80
0.38,14.2,1,1,0,61
0.84,1.5,0,0,0,38
0.18,14.6,1,1,1,65
0.03,4.7,1,1,0,32
0.28,1.2,1,1,0,49
0.38,2.1,1,0,1,46
0.01,12.5,1,1,1,52
0.48,5.6,1,0,0,47
0.72,11.2,0,1,0,62
0.37,3.8,1,1,0,48
0.68,6.1,0,0,0,46
0.83,2.6,1,0,1,78
0.06,1.0,0,0,0,10
0.69,8.6,1,1,1,96
0.86,14.8,1,1,1,89
0.91,13.8,0,0,1,67
0.39,6.1,0,0,0,21
0.97,0.7,0,0,0,45
0.16,6.5,0,1,0,26
0.71,10.7,0,0,0,48
0.24,2.4,1,0,1,41
0.39,14.7,1,0,0,53
0.64,10.7,0,1,0,44
0.79,2.9,1,1,1,68
0.82,7.0,0,0,1,55
0.82,0.6,0,1,1,49
0.13,1.7,0,0,0,10
0.66,4.5,1,0,0,48
0.08,1.2,0,0,1,20
0.66,0.5,1,1,1,68
0.53,12.9,0,0,1,49
0.14,3.9,0,0,0,27
0.47,0.2,1,1,0,56
0.53,14.5,0,1,1,66
0.25,2.8,0,1,0,23
0.64,14.2,0,1,0,63
0.61,7.5,0,1,0,53
0.31,6.1,0,1,1,40
0.71,5.0,0,0,1,52
0.01,3.5,0,0,1,13
0.6,14.4,1,1,0,72
0.64,13.5,0,1,0,47
0.33,12.1,1,1,0,67
0.17,13.9,1,1,0,54
0.76,2.4,0,0,0,27
0.06,0.8,0,1,0,13
0.17,13.0,1,1,1,74
0.48,14.4,1,0,1,67
0.44,1.4,0,1,1,50
0.85,2.9,0,1,0,54
0.68,10.3,1,1,0,78
0.51,11.8,1,1,0,68
0.82,3.3,1,1,0,76
0.31,3.7,1,0,1,46
0.69,6.7,0,1,1,61
0.26,11.7,1,1,0,55
0.94,10.6,1,0,1,87
0.87,6.1,0,1,0,51
0.97,12.4,1,0,1,89
0.1,8.8,1,0,1,49
0.06,7.1,0,1,0,25
0.79,5.5,0,1,1,63
0.48,7.0,0,0,1,35
0.32,9.8,1,0,1,56
0.24,2.6,0,1,0,17
0.78,8.5,0,1,1,65
0.38,1.9,0,0,1,36
0.16,11.3,1,0,1,62
0.09,7.8,0,0,1,27
0.21,4.3,1,0,0,42
0.57,11.9,0,0,0,45
0.99,8.4,0,0,0,59
0.2,13.7,0,1,0,36
0.9,3.9,1,0,1,70
0.7,8.7,1,1,1,82
0.77,5.4,1,0,0,55
0.84,14.2,0,0,1,64
0.0,12.8,1,0,1,56
0.01,10.1,1,0,0,38
0.17,1.9,1,1,0,36
0.06,12.0,0,1,1,45
0.36,4.8,1,1,1,70
0.3,0.7,0,1,1,40
0.86,1.2,0,1,0,46
0.46,14.0,0,0,0,47
0.33,11.2,0,0,1,42
0.12,14.4,0,0,0,34
0.4,10.0,1,1,0,74
0.47,3.5,0,1,1,48
0.5,0.1,0,0,1,22
0.93,14.4,1,1,1,91
0.63,1.5,0,0,0,35
0.38,1.1,1,1,0,56
0.48,8.1,0,0,1,58
0.04,10.0,0,0,1,37
0.24,12.8,0,0,1,47
0.27,10.3,1,0,1,59
0.22,12.9,0,0,1,30
0.62,13.0,1,1,1,77
0.82,9.1,1,1,1,98
0.64,7.2,1,1,0,61
0.92,7.1,0,1,1,72
0.73,4.6,0,1,1,54
0.44,5.3,0,1,1,47
0.32,5.9,1,0,1,47
0.76,3.0,1,0,0,56
0.92,5.7,1,1,0,83
0.69,7.4,1,1,0,73
0.61,9.8,1,1,1,76
0.73,7.4,0,0,0,43
0.79,1.2,1,1,0,59
0.67,6.6,1,1,1,77
0.29,5.5,1,0,0,41
0.92,13.5,0,1,1,81
0.98,11.0,1,0,1,84
0.11,9.1,0,0,1,23
0.12,0.1,1,0,0,25
0.21,2.7,1,1,0,40
0.74,5.4,0,0,1,53
0.54,10.5,1,0,1,75
0.75,14.3,0,1,1,64
0.57,11.8,1,1,1,79
0.77,7.2,1,0,0,60
0.32,9.7,0,0,0,32
0.74,10.7,0,1,1,81
0.63,7.0,1,1,1,80
0.67,13.8,0,0,0,39
0.48,10.2,0,0,1,55
0.05,8.1,0,1,1,35
0.72,6.3,1,1,1,75
0.53,11.0,1,1,0,64
0.33,10.4,0,1,1,48
0.79,3.4,0,1,1,55
0.08,0.4,1,0,0,24
0.62,9.3,0,0,1,50
0.22,5.1,1,0,1,53
0.06,11.5,1,0,1,47
0.96,5.4,0,1,0,63
0.22,5.3,0,1,1,43
0.48,0.9,1,1,1,61
0.32,5.2,0,0,0,26
0.32,6.1,0,1,0,38
0.75,2.2,0,1,0,45
0.22,0.9,1,0,0,27
0.54,5.0,1,1,1,76
0.53,14.2,1,1,0,71
0.77,1.7,1,0,1,58
0.74,2.1,1,0,1,74
0.42,5.4,0,1,0,41
0.82,14.8,0,0,1,64
0.61,8.0,0,0,0,39
0.36,12.8,0,1,0,44
0.4,11.6,0,1,1,59
0.11,3.9,0,0,0,10
0.19,4.3,0,0,1,26
0.17,13.1,0,0,1,36
0.73,9.9,0,1,0,51
0.19,8.7,0,0,1,38
0.22,6.8,1,1,1,57
0.32,0.3,0,1,0,26
0.34,6.2,0,1,0,37
0.85,5.0,0,1,1,54
0.24,15.0,0,0,0,35
0.38,2.7,0,0,1,35
0.74,8.2,1,0,0,69
0.42,11.9,1,0,0,58
0.53,5.7,1,0,0,42
0.58,8.7,1,1,0,66
0.33,12.5,1,1,1,67
0.47,14.6,0,0,1,47
0.84,11.1,0,1,1,75
0.97,5.8,0,0,0,54
0.36,5.2,1,1,1,57
0.99,1.3,0,0,1,50
0.18,7.7,0,1,0,38
0.21,2.4,0,0,1,25
0.27,5.2,0,1,0,38
0.5,10.0,1,0,0,56
0.77,9.4,0,0,1,61
0.05,4.6,0,0,0,10
0.72,11.6,0,0,0,55
0.76,12.1,0,1,1,70
0.56,3.6,1,1,0,60
0.9,3.0,0,0,0,38
0.6,2.2,1,0,0,52
0.49,10.4,0,1,1,49
0.4,3.7,1,1,1,61
0.57,13.7,0,0,0,41
0.18,3.9,1,0,0,27
0.84,12.0,1,0,1,79
0.94,12.0,1,0,1,90
0.7,10.0,0,1,0,54
0.58,3.4,1,0,0,51
0.28,12.1,0,0,0,30
0.75,11.4,0,1,0,57
0.42,5.4,0,1,0,32
0.02,9.2,0,0,0,18
0.98,13.1,1,0,0,70
0.9,0.1,1,0,1,69
0.97,5.5,0,0,0,51
0.86,12.5,1,0,0,76
0.28,1.1,1,1,0,41
0.01,6.0,0,0,1,21
0.48,0.5,0,0,1,27
0.68,8.3,0,1,1,65
0.56,4.7,0,1,0,49
0.94,8.1,0,0,0,53
0.51,3.8,0,1,1,43
0.53,2.8,0,1,0,30
0.28,13.8,1,1,1,68
0.27,12.5,0,0,0,27
0.96,1.6,1,0,1,75
0.69,8.5,0,1,0,57
0.78,7.1,0,0,1,48
0.74,0.1,0,1,1,51
0.66,6.0,1,0,1,65
0.8,12.4,0,1,1,74
0.25,4.7,1,1,1,54
0.53,8.7,1,1,1,79
0.33,1.8,0,0,0,20
0.77,2.3,1,0,1,67
0.08,2.0,1,1,0,36
0.3,2.3,1,1,1,51
0.24,11.6,0,0,0,25
0.43,9.1,0,1,1,56
0.21,3.3,0,0,1,14
0.76,9.9,1,1,0,80
0.4,3.9,1,0,0,38
0.43,6.4,0,1,0,37
0.98,4.0,0,1,1,58
0.28,11.2,1,1,0,58
0.12,6.5,0,0,0,10
0.0,7.5,0,0,0,16
0.89,1.3,1,0,0,55
0.17,6.8,1,0,0,50
0.76,9.4,0,0,1,62
0.64,14.3,1,0,1,79
0.19,4.0,1,0,1,41
0.33,12.8,0,1,1,47
0.03,0.5,1,1,1,40
0.19,6.5,1,0,1,60
0.06,11.3,0,1,1,44
0.61,6.1,0,1,1,57
0.74,13.5,0,1,0,62
0.59,8.3,1,0,1,65
0.29,11.5,1,0,0,51
0.49,10.2,0,0,0,41
0.37,0.5,0,0,1,25
0.5,13.4,1,0,1,69
0.95,1.0,0,0,0,46
0.99,5.7,0,0,0,54
0.08,0.8,1,1,1,38
0.08,13.6,0,1,0,34
0.62,11.9,1,0,1,76
0.91,14.7,0,1,0,63
0.19,7.5,1,0,0,41
0.53,5.7,0,0,1,36
0.64,4.7,0,0,0,35
0.23,7.4,0,0,1,35
0.84,10.3,0,0,0,46
0.51,14.9,0,1,0,47
0.5,1.2,1,1,1,66
0.21,3.1,0,1,0,33
0.6,10.7,1,0,1,72
0.11,7.4,0,1,0,31
0.4,8.1,0,0,1,46
0.49,6.7,0,1,0,44
0.24,9.9,0,1,1,53
0.64,0.1,1,0,0,44
0.89,3.7,1,0,0,59
0.31,7.9,0,0,1,46
0.17,10.9,1,0,1,58
0.91,12.6,0,1,0,64
0.26,10.7,0,0,1,38
0.35,5.2,1,1,0,59
0.24,11.9,1,1,0,63
0.7,5.1,0,1,0,53
0.23,1.9,0,0,1,21
0.81,11.0,0,0,1,60
0.3,6.1,0,1,1,50
0.53,5.3,1,0,1,62
0.57,7.3,0,1,0,55
0.88,10.4,0,1,0,69
0.05,7.1,0,1,0,21
0.37,6.4,1,0,0,46
0.68,4.2,1,1,0,68
0.35,12.2,1,1,1,67
0.13,14.8,0,0,1,34
0.8,2.3,1,0,0,55
0.98,4.6,0,0,0,52
0.03,14.5,1,1,1,55
0.24,12.5,1,1,1,66
0.13,8.0,1,0,0,36
0.79,4.4,1,0,1,73
0.49,4.2,0,1,1,46
0.1,7.8,0,0,0,26
0.38,7.4,1,1,1,69
0.17,9.1,1,0,1,52
0.95,9.6,0,0,0,58
0.42,6.4,0,1,1,52
0.97,8.6,0,1,0,71
0.44,7.5,0,0,1,39
0.58,4.7,0,0,1,52
0.44,0.5,1,1,1,57
0.45,3.7,1,1,0,54
0.58,0.3,1,0,1,47
0.25,2.6,1,1,0,42
1.0,6.5,1,0,1,86
0.23,10.4,0,1,1,61
0.79,14.3,1,0,0,73
0.19,11.0,0,0,0,24
0.5,14.5,0,1,0,46
0.07,9.2,1,0,1,46
0.86,8.6,0,1,1,75
0.68,7.0,1,0,1,70
0.45,6.7,1,1,0,56
0.27,12.5,0,1,0,40
0.31,12.7,0,1,0,49
0.87,8.7,1,1,1,95
0.94,6.4,0,1,1,68
0.1,1.3,1,1,1,45
0.16,6.4,0,0,0,17
0.99,7.8,1,0,0,77
0.02,12.2,1,1,0,55
0.51,2.4,1,0,0,40
0.24,14.6,0,0,0,35
0.23,8.8,0,0,1,39
0.52,12.2,1,1,1,71
0.12,10.1,0,1,1,42
0.6,11.0,1,0,0,60
0.24,12.5,0,1,1,48
0.22,3.2,1,0,1,51
0.41,2.1,1,0,1,53
0.42,5.0,0,1,1,48
0.71,0.5,1,1,1,80
0.74,5.3,1,1,0,82
0.92,8.1,0,1,1,69
0.32,11.7,0,1,0,45
0.86,0.5,1,0,1,65
0.66,5.7,0,0,0,39
0.84,8.6,0,1,0,59
0.26,14.4,1,1,1,61
0.36,0.2,1,1,1,59
0.82,6.2,1,1,1,89
0.65,8.6,1,1,1,88
0.53,0.2,1,0,0,36
0.66,7.7,0,1,1,67
0.41,4.5,1,1,0,53
0.7,3.5,0,1,1,61
0.82,5.0,0,0,1,53
0.12,9.6,1,0,0,43
0.32,8.0,1,0,1,56
0.04,0.9,1,0,1,36
0.39,2.7,0,1,0,29
0.0,0.6,1,1,0,25
0.58,12.9,0,0,0,36
0.68,11.7,1,0,0,72
0.68,1.5,0,0,0,29
0.96,10.6,0,1,1,78
0.88,0.1,1,1,0,64
0.52,12.6,0,1,1,65
0.46,13.1,0,1,0,44
0.97,9.6,1,0,1,93
0.35,14.9,1,1,0,68
0.31,6.3,1,0,0,44
0.02,4.3,1,1,1,46
0.98,10.6,1,0,0,79
0.54,7.1,0,1,0,43
0.61,7.3,1,1,0,63
0.55,0.5,0,0,1,29
0.63,3.6,0,1,1,55
0.0,6.4,0,0,1,21
0.46,3.7,0,0,0,15
0.0,4.8,0,0,0,13
0.98,8.2,1,0,0,79
0.85,0.4,1,0,1,60
0.79,2.7,0,0,1,44
0.03,7.9,1,1,0,54
0.01,7.9,1,1,1,57
0.46,6.4,0,1,0,34
0.52,8.8,1,1,1,71
0.63,2.7,1,1,0,60
0.69,12.9,0,0,0,48
0.77,9.2,0,0,1,64
0.81,11.3,0,0,0,54
0.39,13.1,0,1,1,54
0.8,7.9,0,1,1,68
0.75,11.2,0,1,1,73
0.37,6.6,1,0,0,39
0.66,10.9,0,0,1,55
0.21,3.2,1,0,1,39
0.15,6.4,0,0,1,34
0.26,10.8,0,0,1,53
0.87,11.7,0,1,0,61
0.89,11.2,1,0,0,73
0.27,5.0,1,1,0,55
0.39,0.9,0,1,0,29
0.91,1.0,1,0,0,47
0.9,11.5,0,0,1,69
0.07,4.3,0,0,0,21
0.69,3.0,0,1,1,54
0.16,1.2,1,0,1,37
0.09,6.7,1,1,0,40
0.6,0.1,1,1,0,43
0.67,14.9,1,0,0,65
0.3,6.2,0,0,0,23
0.65,14.7,0,0,0,43
0.72,13.3,0,0,0,44
0.56,6.6,1,0,0,49
0.84,8.1,1,0,1,83
0.06,7.9,0,1,1,43
0.64,4.8,0,1,1,47
0.78,11.4,0,1,0,61
0.47,5.1,0,0,0,30
0.58,13.5,1,1,1,82
0.7,7.5,0,0,1,59
0.23,0.7,1,0,1,42
0.18,7.6,0,0,1,27
0.07,4.6,1,0,1,40
0.38,11.3,1,1,1,77
0.92,0.5,0,0,0,30
0.49,0.5,0,1,1,42
0.79,5.3,1,0,1,80
0.99,4.8,0,1,0,60
0.56,10.8,0,0,1,47
0.57,2.7,0,1,1,44
0.86,5.6,0,1,1,72
0.23,1.9,1,0,1,55
0.98,5.7,1,0,0,69
0.71,8.7,1,0,1,68
0.52,4.3,0,0,0,27
0.11,9.9,0,0,0,21
0.22,12.0,1,1,0,54
0.64,3.7,0,1,1,55
0.6,8.4,1,1,0,73
0.91,6.8,0,0,1,63
0.42,2.2,1,1,0,39
0.97,12.2,0,1,1,74
0.52,8.6,1,0,1,65
0.71,1.0,1,1,0,60
0.1,6.7,0,0,1,24
0.92,2.5,0,1,1,60
0.63,8.1,1,1,1,75
0.28,10.9,1,0,0,52
0.59,2.2,0,1,1,51
0.94,6.3,0,1,0,64
0.54,2.6,1,1,0,57
0.88,10.6,1,0,0,79
0.89,2.3,1,0,1,73
0.99,14.6,1,0,0,85
1.0,14.0,1,0,1,93
0.55,14.5,0,0,1,51
0.56,12.6,1,0,0,66
0.96,5.6,1,1,0,77
0.27,1.7,0,0,1,25
0.34,11.6,0,0,1,40
0.19,4.7,0,1,1,34
0.99,10.8,0,1,0,74
0.68,10.9,0,0,1,56
0.96,10.5,0,0,1,65
0.21,2.0,1,0,1,49
0.98,5.3,1,1,0,75
0.22,10.6,1,1,0,58
0.94,6.5,1,1,0,72
0.13,8.1,0,1,0,36
0.32,5.7,0,1,1,44
0.76,10.6,1,0,1,81
0.59,0.2,0,1,0,24
0.44,6.0,0,1,1,49
0.39,4.6,1,0,1,48
0.93,1.7,0,0,0,46
0.44,1.0,0,0,1,32
0.81,2.4,1,1,1,75
0.47,1.7,0,1,1,51
0.25,4.0,1,0,1,47
0.78,4.6,0,1,0,46
0.07,1.5,0,1,0,17
0.25,11.4,1,0,0,40
0.32,12.2,1,0,0,45
0.28,6.1,1,0,0,54
0.31,12.9,0,0,0,32
0.32,6.8,1,1,1,69
0.1,13.8,0,1,1,44
0.89,3.5,1,0,0,67
0.66,4.3,1,0,0,54
0.84,5.9,1,0,1,76
0.22,13.2,0,1,0,39
0.07,11.1,1,0,1,53
0.46,5.6,1,0,1,61
0.63,4.3,1,0,1,66
0.43,14.3,0,0,0,39
0.9,8.7,0,1,1,70
0.78,13.6,1,0,0,66
0.98,7.8,0,0,1,56
0.33,8.6,0,1,0,34
0.17,4.3,0,1,0,29
0.17,12.7,0,1,0,34
0.04,5.7,1,1,1,52
0.26,11.1,0,1,0,41
0.08,2.7,0,0,0,10
0.69,4.4,0,0,1,53
0.98,0.2,0,1,1,62
0.86,8.5,1,1,0,82
0.65,13.8,0,0,0,41
0.11,13.8,1,1,0,56
0.89,6.8,0,0,1,53
0.99,3.3,1,1,1,88
0.82,10.8,0,1,1,73
0.44,4.6,1,0,0,43
0.67,8.9,1,0,0,59
0.26,11.5,0,1,0,41
0.33,2.5,0,0,1,28
0.25,12.8,1,0,0,38
0.48,10.8,1,1,0,71
0.35,3.7,0,0,0,25
0.8,2.4,0,0,0,40
0.65,9.4,0,0,0,47
0.16,12.6,1,0,1,65
0.81,6.7,0,0,1,56
0.87,14.9,1,1,1,100
0.33,6.3,1,1,1,65
0.01,9.3,1,1,0,52
0.12,1.8,0,0,1,23
0.7,11.0,0,0,1,65
0.55,3.0,1,0,1,55
0.12,6.0,1,1,1,58
0.47,1.6,1,1,0,42
0.64,1.9,1,0,0,51
0.13,3.8,1,1,0,33
0.43,0.7,0,1,1,42
0.01,4.2,1,1,1,45
0.09,13.4,1,1,1,71
0.31,9.0,0,0,0,23
0.08,8.2,0,0,0,21
0.05,10.2,1,1,1,52
0.53,13.7,0,1,0,48
0.07,4.9,0,1,0,23
0.34,7.7,1,0,1,48
0.97,2.6,1,1,0,76
0.5,13.5,0,0,0,45
0.98,11.2,0,0,0,62
0.02,5.2,1,1,0,37
0.36,13.2,1,1,0,66
0.04,9.2,0,1,0,34
0.43,6.4,0,0,0,23
0.19,10.9,0,0,1,33
0.79,2.8,1,1,0,64
0.37,4.3,1,1,0,46
0.49,11.6,1,0,0,58
0.53,8.5,1,0,1,71
0.4,2.0,1,1,0,51
0.9,0.8,1,0,1,65
0.91,11.1,0,0,1,77
0.51,14.4,1,0,1,66
0.03,10.3,0,1,0,24
0.02,7.1,1,0,0,38
0.78,1.8,0,1,0,41
0.47,4.4,0,0,0,30
0.17,13.1,1,1,0,61
0.95,4.9,0,1,0,48
0.15,5.3,0,1,0,23
0.01,11.9,1,1,0,48
0.83,12.8,1,1,1,100
0.96,5.3,0,1,0,56
0.55,9.4,0,0,1,54
0.59,10.7,1,1,1,80
0.4,11.2,1,0,1,64
0.88,3.7,0,1,1,60
0.73,12.9,0,0,1,56
0.83,0.6,0,1,1,53
0.93,4.5,1,1,1,85
0.32,1.4,0,0,1,21
0.81,1.7,0,0,1,44
0.92,1.9,0,0,1,40
0.09,11.2,1,1,0,44
0.17,6.3,0,1,1,39
0.57,6.4,0,0,0,35
0.26,1.5,1,1,1,55
0.3,10.8,1,0,0,47
0.16,9.3,0,1,0,25
0.09,5.4,0,0,1,27
0.22,2.2,0,0,1,20
0.28,13.0,1,1,1,66
0.84,8.8,1,0,0,74
0.25,12.8,0,1,0,33
0.21,5.7,0,0,0,13
0.29,1.3,0,0,1,26
0.09,12.5,0,0,0,26
0.01,10.9,0,0,0,16
0.04,5.5,1,1,0,37
0.68,4.8,1,0,0,56
0.36,0.6,0,0,0,20
0.2,4.8,0,0,1,31
0.05,13.3,0,0,0,19
0.74,2.0,1,0,1,62
0.58,3.2,1,0,0,43
0.65,11.9,0,1,1,65
0.56,8.3,1,1,1,81
0.25,1.4,0,1,0,20
0.94,3.7,1,1,1,90
0.2,9.7,1,0,0,50
0.97,2.6,1,0,0,65
0.07,3.4,0,1,0,18
0.68,0.8,1,1,0,55
0.19,1.3,0,1,0,23
0.3,11.4,1,1,0,62
0.05,11.5,0,1,0,29
0.04,3.8,1,0,0,21
0.5,2.0,0,0,0,17
0.93,6.5,1,1,1,84
0.56,13.3,0,1,1,58
0.21,13.9,0,1,0,42
0.03,9.4,1,1,0,49
0.25,6.2,1,1,0,48
0.35,11.5,0,0,0,30
0.71,12.5,0,1,1,64
0.26,7.5,1,0,1,59
0.91,4.9,1,1,1,82
0.96,9.5,0,0,1,58
0.95,13.4,1,1,0,93
0.96,12.0,1,1,0,89
0.41,6.8,1,0,0,45
0.2,0.9,1,1,1,52
0.57,2.4,0,0,1,43
0.29,0.8,1,0,1,43
0.99,14.3,1,1,0,89
0.32,3.7,0,0,0,21
0.09,14.1,0,1,0,33
0.23,3.5,1,0,1,47
0.93,9.3,0,1,0,72
0.88,9.0,1,0,0,69
0.51,9.2,0,1,0,52
0.87,0.7,0,1,0,51
0.01,11.4,0,1,1,34
0.69,14.1,0,1,1,64
0.85,14.3,1,1,1,95
0.44,2.5,1,1,1,60
0.97,4.7,0,0,1,57
0.17,5.7,0,0,0,23
0.6,2.7,1,1,1,66
0.73,9.8,0,0,1,53
0.51,8.4,1,0,1,67
0.99,6.6,1,0,1,82
0.55,10.6,1,0,0,63
0.1,14.8,1,1,1,70
0.94,15.0,0,0,0,60
0.58,12.4,1,1,0,72
0.1,11.7,1,0,0,51
0.16,14.2,1,0,0,52
0.29,6.6,1,1,1,68
0.17,0.7,1,1,0,35
0.22,6.2,0,0,0,24
0.94,11.9,0,1,1,87
0.64,6.0,1,1,1,84
0.34,6.6,1,1,1,66
0.79,11.2,1,1,1,82
0.25,13.4,0,1,1,54
0.58,8.1,0,0,1,55
0.36,6.2,0,0,0,24
0.81,4.4,1,0,1,70
0.34,8.6,1,1,1,72
0.56,6.5,1,1,1,72
0.71,10.7,1,1,0,72
0.4,10.7,1,1,0,66
0.38,13.9,1,1,0,69
0.1,9.7,0,0,1,34
0.74,11.2,1,0,0,69
0.7,10.6,1,1,0,69
0.9,3.0,0,0,0,38
0.0,9.5,1,0,1,46
0.82,10.6,0,1,1,73
0.15,13.7,1,0,1,55
0.45,8.0,1,0,0,45
0.4,4.2,0,0,0,22
0.68,11.4,0,1,1,59
0.62,4.7,0,0,1,44
0.13,14.9,0,0,1,23
0.8,8.0,1,0,0,73
0.75,8.6,1,1,0,76
0.24,8.1,0,1,0,32
0.79,9.3,0,0,0,53
0.44,3.4,0,0,1,35
0.12,3.7,0,1,0,20
0.66,13.4,1,0,0,60
0.03,10.6,0,1,1,35
0.99,3.4,1,0,1,80
0.2,7.9,1,0,1,61
0.53,0.8,0,1,1,38
0.56,13.6,0,1,0,51
0.63,11.9,1,0,1,70
0.03,8.0,1,1,1,49
0.23,14.9,0,1,1,48
0.16,8.4,1,1,0,60
0.35,9.1,1,0,0,55
0.29,2.0,0,1,1,28
0.15,14.5,0,1,1,45
0.38,14.6,0,1,0,42
0.65,1.1,0,0,0,27
0.54,8.7,0,1,1,55
0.02,1.0,0,1,0,11
0.0,13.9,1,0,1,48
0.1,6.3,0,0,0,11
0.93,6.6,1,1,1,92
0.41,8.6,1,0,0,47
0.03,6.7,1,0,1,52
0.88,3.7,0,0,1,52
0.85,7.2,0,1,0,66
0.55,0.9,1,1,0,54
0.12,6.5,0,0,1,29
0.94,4.9,0,1,0,50
0.28,12.4,0,1,0,37
0.49,10.5,1,1,0,64
0.11,3.7,0,1,0,17
0.49,2.9,0,1,0,42
0.71,2.5,0,0,1,44
0.87,5.8,1,0,0,77
0.1,8.2,0,1,1,43
0.84,4.7,1,1,1,81
0.26,6.8,1,1,0,53
0.95,12.3,0,0,0,57
0.18,4.3,0,0,0,12
0.3,1.7,1,1,0,46
0.1,6.3,1,1,1,59
0.6,4.2,1,0,0,50
0.29,3.3,0,1,1,33
0.86,13.3,0,1,0,59
0.99,9.8,1,1,1,99
0.29,6.2,0,1,1,43
0.79,3.4,1,0,1,77
0.18,10.0,0,0,1,34
0.16,3.0,0,0,0,14
0.45,4.7,0,1,0,39
0.01,2.2,1,0,1,29
0.24,3.7,0,1,0,25
0.74,2.6,1,1,0,69
0.97,8.0,0,1,1,71
0.21,12.0,0,0,1,36
0.79,1.6,0,0,1,48
0.98,0.2,1,0,1,78
0.88,14.7,0,0,0,46
0.97,2.5,0,0,1,57
0.02,10.7,0,0,0,19
0.63,13.1,0,0,0,47
0.55,5.0,1,1,0,51
0.96,12.1,1,0,0,79
0.72,4.8,0,0,0,43
0.6,0.6,1,1,1,61
0.59,2.6,0,0,0,28
0.19,3.9,1,1,0,49
0.83,10.5,0,1,0,53
0.65,14.4,1,0,0,65
0.28,1.1,0,1,0,12
0.23,7.1,1,1,0,69
0.47,9.0,1,1,0,68
0.09,4.0,0,0,0,15
0.55,9.1,0,0,0,43
0.76,4.8,0,0,1,51
0.63,14.8,0,1,1,67
0.24,13.9,0,1,0,49
0.14,5.5,0,1,1,43
0.25,2.8,1,0,1,40
0.98,0.3,0,1,0,45
0.32,8.4,0,0,1,40
0.81,11.8,1,0,0,72
0.29,12.9,0,1,1,44
0.2,1.1,0,0,1,22
0.84,5.2,0,1,0,49
0.15,11.4,0,1,1,47
0.86,8.0,0,0,0,55
0.15,12.0,0,0,1,33
0.43,11.9,0,1,0,47
0.98,7.4,1,0,1,81
0.71,14.4,1,1,1,93
0.38,8.6,0,0,1,34
0.0,15.0,1,0,0,41
0.99,2.7,1,0,0,61
0.59,7.5,1,0,1,73
0.72,1.2,0,0,1,46
0.3,10.5,1,1,0,61
0.96,12.8,1,0,1,86
0.02,8.5,0,1,1,44
0.53,6.2,1,1,1,62
0.45,10.4,1,0,0,45
0.59,1.1,1,1,0,49
0.89,12.7,1,0,1,87
0.26,1.0,1,0,0,30
0.86,13.5,1,1,0,88
0.02,13.7,0,0,1,37
0.75,11.8,1,0,1,78
0.23,1.3,1,0,1,48
0.86,13.7,0,0,1,57
0.75,12.3,1,0,1,69
0.06,0.2,0,1,1,21
0.04,13.6,1,0,1,45
0.05,8.5,1,0,1,50
0.56,9.3,0,1,1,57
0.77,3.0,0,0,0,31
0.19,14.7,0,0,0,27
0.68,13.9,0,1,0,61
0.84,7.2,1,0,0,67
0.34,10.5,0,0,1,58
0.26,6.5,0,1,0,30
0.3,9.1,1,0,0,54
0.73,12.6,1,1,0,73
0.03,9.7,1,0,0,33
0.27,10.1,0,1,1,50
0.96,0.3,0,1,0,57
0.82,1.8,1,1,1,75
0.65,11.6,1,1,1,83
0.38,3.2,0,0,1,33
0.41,3.4,1,1,1,59
0.89,12.8,1,0,1,83
0.31,13.8,1,1,1,67
0.97,0.3,0,1,0,41
0.38,11.8,1,0,1,55
0.16,4.1,1,1,0,46
0.74,2.7,1,1,1,72
0.28,3.3,0,1,1,44
0.68,6.1,0,0,0,46
0.3,14.3,0,0,0,26
0.18,7.1,0,0,1,27
0.7,14.3,0,0,0,49
0.44,9.8,1,0,0,62
0.93,4.0,0,0,1,62
0.39,5.4,1,1,1,67
0.45,7.5,1,0,0,56
0.44,13.2,1,0,0,59
0.27,12.3,1,0,0,41
0.28,5.6,1,1,0,50
0.7,12.1,1,0,1,86
0.76,1.3,0,0,1,47
0.55,0.9,1,1,1,68
0.67,10.3,1,1,1,84
0.93,3.2,1,0,1,65
0.37,10.1,1,1,1,71
0.88,10.3,0,1,1,85
0.81,1.0,1,1,1,76
0.1,0.9,1,0,1,38
0.91,11.5,1,1,1,94
0.58,7.4,1,1,1,73
0.14,2.9,0,1,1,37
0.48,9.4,1,1,0,63
0.31,8.2,0,1,0,41
0.65,7.3,1,0,0,60
0.28,8.8,0,1,0,33
0.84,9.1,0,0,1,59
0.98,8.8,1,1,0,93
0.94,4.9,1,0,1,67
0.87,12.1,1,0,0,72
0.1,5.7,0,1,0,23
0.0,11.1,0,0,0,22
0.6,3.5,1,1,0,61
0.93,9.3,1,0,0,74
0.6,3.3,1,1,0,55
0.33,10.7,1,0,1,61
0.3,11.8,1,0,1,59
0.03,2.6,0,0,1,17
0.13,1.4,1,1,1,38
0.31,3.6,1,1,1,65
0.82,5.0,1,0,0,73
0.86,0.4,1,1,1,71
0.39,11.7,0,1,0,44
0.48,9.5,0,0,1,52
0.56,4.6,0,0,0,26
0.73,5.2,0,1,0,52
0.43,1.9,1,1,0,53
0.06,10.6,0,1,1,45
0.91,5.9,0,0,1,55
0.39,3.1,0,1,1,56
0.5,8.3,0,1,1,50
0.22,7.5,0,0,0,24
0.15,4.0,0,0,1,26
0.11,0.6,0,1,0,10
0.91,4.8,0,1,0,56
0.08,9.5,1,1,1,55
0.92,4.1,1,0,1,80
0.46,4.9,1,0,1,59
0.41,1.5,0,0,0,12
0.38,4.3,1,0,0,50
0.33,12.0,0,0,0,41
0.02,3.4,0,0,0,10
0.48,4.0,0,0,0,21
0.18,10.5,0,1,1,54
0.66,2.4,1,1,0,62
0.13,8.8,1,1,0,64
0.85,13.8,0,0,1,51
0.16,6.5,0,0,0,15
0.01,10.7,1,0,1,58
0.28,14.1,0,1,1,56
0.41,9.1,1,1,1,68
0.99,0.9,0,1,0,52
0.2,4.5,0,0,0,19
0.24,6.5,1,0,0,44
0.75,6.4,0,0,1,59
0.18,9.2,1,1,1,58
0.13,4.5,1,0,0,38
0.79,9.7,0,0,0,48
0.68,0.5,1,0,0,51
0.1,4.8,0,1,0,18
0.83,4.8,0,1,0,54
0.61,9.1,0,0,0,50
0.31,12.4,1,0,1,62
0.25,10.5,1,0,1,58
0.15,5.3,0,1,1,43
0.67,6.2,0,0,1,43
0.37,2.7,1,1,0,50
0.32,1.0,0,0,0,16
0.51,13.8,1,1,0,70
0.31,6.1,1,1,1,67
0.59,11.2,1,0,1,73
0.18,9.2,1,1,1,64
0.2,6.7,0,0,1,37
0.24,8.2,1,1,1,58
0.74,11.3,1,1,0,85
0.27,6.1,0,1,0,41
0.52,5.9,1,1,0,62
0.69,14.1,1,0,0,62
0.98,2.2,0,0,0,53
0.44,3.0,1,1,0,44
0.71,4.5,1,0,1,68
0.36,8.4,1,0,1,62
0.81,13.9,0,0,0,52
0.55,14.3,1,0,1,73
0.47,6.1,0,1,0,38
0.84,14.2,1,0,1,87
0.28,12.6,1,1,1,63
0.33,8.7,0,1,1,55
0.77,1.0,0,1,1,58
0.13,10.7,1,0,0,45
0.66,13.1,1,1,0,65
0.2,5.2,1,0,0,44
0.56,11.3,0,1,1,73
0.99,7.5,0,0,0,54
0.43,8.4,0,1,1,61
0.12,4.4,1,0,0,34
0.43,5.1,0,0,0,27
0.3,12.2,1,1,1,65
0.12,6.1,0,0,1,27
0.91,2.3,1,0,0,65
0.19,0.2,0,1,1,30
0.92,14.5,0,1,0,62
0.19,12.5,1,1,0,55
0.54,4.7,1,0,0,50
0.81,6.6,1,1,0,67
0.76,3.4,0,0,0,38
0.73,2.9,1,0,0,53
0.41,7.7,0,0,1,37
0.22,1.0,1,1,0,45
0.72,13.2,0,0,0,56
0.51,1.6,1,0,1,51
0.02,6.6,0,1,1,35
0.47,4.3,1,1,1,73
0.8,8.7,0,1,1,69
0.42,6.7,1,0,1,66
0.76,9.7,1,0,0,70
0.92,8.0,1,1,0,83
0.49,5.3,1,0,0,39
0.79,10.5,1,1,0,75
0.58,4.9,1,1,0,51
0.76,5.2,1,0,0,60
0.7,5.3,0,0,0,39
0.72,10.3,0,1,1,59
0.69,2.1,0,1,0,40
0.05,0.9,1,1,1,45
0.01,13.6,1,1,0,55
0.02,6.9,0,0,0,10
0.09,6.6,0,0,0,16
0.39,4.4,1,1,1,67
0.18,7.1,1,1,1,70
0.09,6.8,0,0,0,14
0.58,12.0,1,1,0,76
0.2,0.8,1,1,0,40
0.81,12.6,1,0,0,71
0.27,2.0,0,0,1,21
0.72,8.3,1,1,0,69
0.85,13.3,1,0,0,68
0.12,4.7,1,1,0,39
0.0,7.8,0,1,0,31
0.36,14.6,0,1,1,52
0.99,1.1,1,1,1,81
0.99,2.3,0,0,1,56
0.84,3.6,1,1,1,87
0.73,9.2,1,0,1,80
0.85,11.4,0,1,0,60
0.14,8.7,1,0,0,37
0.68,11.5,1,1,0,80
0.3,0.1,0,0,1,11
0.71,11.6,0,0,1,56
0.13,11.9,0,0,0,21
0.38,7.4,0,1,1,56
0.77,12.9,1,0,0,75
0.42,0.8,0,0,1,25
0.69,0.5,1,1,0,60
0.45,0.7,1,1,0,52
0.18,0.9,1,0,0,21
0.53,1.7,0,0,0,31
0.44,14.8,0,0,1,42
0.52,10.2,1,1,0,80
0.84,9.1,0,1,0,57
0.62,12.3,0,0,1,55
0.99,14.5,0,1,0,70
0.98,1.8,0,0,1,48
0.38,1.1,0,1,0,22
0.13,11.2,1,0,0,49
0.71,2.9,1,1,1,74
0.23,2.7,0,1,0,25
0.29,2.7,0,1,0,14
0.38,2.2,0,0,1,31
0.06,4.6,1,1,0,40
0.9,0.9,0,0,1,40
0.37,10.5,0,0,0,35
0.75,14.6,1,1,1,90
0.41,11.2,0,0,1,58
0.58,8.3,0,0,1,47
0.38,13.1,1,0,0,54
0.33,3.2,1,0,1,43
0.93,4.3,0,1,0,47
0.27,15.0,1,1,0,59
0.62,10.0,0,0,1,51
