has_headline,headline_length,has_about,about_length,exp_count,exp_has_bullets,skill_count,has_education,has_photo,recommendation_count,score
0,0,1,455,3,0,9,1,1,0,69
1,20,1,310,3,1,8,1,0,7,79
0,0,1,537,2,1,11,1,1,3,81
1,17,1,40,6,0,24,0,1,9,80
0,0,1,49,3,1,10,0,0,2,62
1,112,0,0,6,1,12,0,1,4,79
1,92,1,137,5,1,0,1,0,9,87
1,67,1,62,1,1,0,1,1,1,66
1,70,1,273,4,0,7,1,1,2,91
1,45,1,565,3,1,4,0,0,6,81
1,43,0,0,2,0,6,0,1,1,44
1,7,0,0,1,1,14,1,0,3,47
1,31,1,318,4,0,19,0,0,3,83
1,96,1,239,4,0,15,1,1,4,100
0,0,1,307,5,1,8,0,0,9,82
0,0,0,0,7,0,19,0,1,3,45
0,0,0,0,2,1,3,0,0,5,31
1,54,1,112,0,0,1,0,1,9,40
0,0,1,321,5,0,4,1,0,1,66
1,76,0,0,1,0,23,0,1,8,54
1,74,1,466,0,1,4,1,0,3,76
0,0,1,273,6,0,23,1,0,9,72
0,0,1,115,1,1,19,1,0,9,71
1,57,1,382,6,1,5,1,1,5,99
0,0,0,0,6,0,0,1,1,9,49
1,15,0,0,4,1,2,1,1,2,63
1,60,0,0,6,0,6,0,0,8,51
0,0,1,144,1,0,5,1,1,7,53
0,0,1,268,0,1,16,1,1,6,72
1,107,0,0,7,0,1,0,1,4,53
0,0,1,561,7,1,23,0,0,4,77
0,0,1,18,0,0,23,0,0,6,46
0,0,1,2,5,1,12,1,1,8,85
1,117,0,0,4,0,10,0,1,7,55
0,0,1,128,7,1,8,0,1,0,69
0,0,0,0,6,0,17,1,1,1,47
1,89,0,0,1,0,15,0,0,0,32
0,0,1,260,1,0,7,1,1,5,53
0,0,1,102,5,1,14,0,0,4,73
0,0,1,125,0,1,23,0,0,4,50
1,73,0,0,0,1,18,1,0,7,73
1,34,0,0,4,1,12,0,1,3,72
0,0,0,0,7,1,8,1,1,3,61
1,31,1,302,2,1,11,0,1,2,75
0,0,0,0,4,0,21,1,1,4,53
0,0,1,58,6,0,11,1,0,4,71
0,0,1,447,2,0,1,1,0,2,51
1,9,0,0,0,1,18,1,0,2,53
0,0,1,72,2,0,23,1,1,1,62
1,15,0,0,0,1,2,1,0,7,37
0,0,0,0,4,1,4,1,0,3,61
0,0,0,0,2,1,11,1,0,1,53
1,35,1,43,0,0,21,0,0,3,57
1,112,0,0,7,1,22,1,0,2,75
0,0,0,0,2,1,22,1,1,7,66
0,0,1,220,7,0,4,0,0,7,56
1,109,0,0,6,0,12,0,1,4,67
1,41,0,0,4,0,13,0,0,4,62
0,0,0,0,3,0,16,0,0,3,41
1,64,1,448,7,0,8,0,0,9,85
1,97,1,364,0,1,9,1,1,3,80
0,0,0,0,1,0,22,0,0,7,23
1,53,0,0,4,1,15,1,0,8,83
0,0,1,465,1,1,3,1,0,2,58
0,0,1,60,3,0,16,0,1,3,52
1,61,0,0,6,0,22,1,0,0,67
0,0,1,546,0,1,11,1,1,8,76
0,0,0,0,3,0,15,1,1,1,48
0,0,0,0,4,0,0,1,0,2,35
1,92,1,531,2,0,2,1,0,5,74
0,0,0,0,5,0,6,1,1,4,59
1,18,1,113,1,0,4,1,0,3,60
1,73,1,312,5,0,4,0,1,7,76
1,21,1,446,1,0,21,1,0,8,81
0,0,1,335,3,1,23,0,1,4,79
1,6,0,0,0,1,19,0,1,4,47
0,0,1,408,4,0,9,1,1,4,86
0,0,0,0,1,0,23,0,1,3,27
1,14,1,561,0,1,5,1,0,2,70
1,93,1,119,0,1,12,1,0,8,93
0,0,1,317,2,1,6,0,1,6,61
1,119,1,248,5,0,24,1,0,0,89
1,28,1,20,6,0,4,0,0,9,65
1,54,0,0,3,0,14,1,1,7,68
0,0,1,298,7,0,20,1,1,0,62
0,0,1,123,0,0,12,0,0,2,39
1,68,1,159,6,0,6,0,1,9,71
0,0,1,107,4,1,22,1,0,0,68
1,55,1,280,7,0,4,1,1,5,84
1,9,0,0,1,0,8,0,1,1,39
1,113,0,0,0,0,21,0,0,4,45
0,0,1,409,5,1,2,0,1,7,72
0,0,1,452,2,1,19,0,1,3,69
0,0,0,0,1,1,19,1,0,2,45
0,0,0,0,4,1,21,1,0,0,48
1,113,1,134,6,0,2,1,0,1,75
1,48,0,0,6,0,2,1,1,6,65
0,0,0,0,2,0,6,1,1,9,50
0,0,0,0,1,0,19,0,0,6,26
1,34,0,0,2,0,2,1,0,4,46
0,0,1,161,7,0,16,1,1,7,81
1,65,0,0,6,0,9,0,1,0,63
0,0,1,345,4,1,15,0,0,5,77
1,96,1,363,2,1,13,1,0,2,95
0,0,0,0,6,0,4,0,1,6,46
1,100,0,0,6,1,4,1,1,4,82
0,0,1,298,5,0,10,0,1,5,77
1,118,1,545,4,1,3,1,0,2,90
0,0,0,0,0,0,12,0,1,0,16
0,0,1,315,0,1,1,1,1,8,59
0,0,0,0,7,1,5,0,1,2,37
1,82,1,60,6,0,20,0,0,5,84
1,106,0,0,3,1,22,0,1,3,70
0,0,0,0,6,0,0,1,1,1,34
1,69,1,158,0,0,21,1,0,0,70
0,0,0,0,4,1,7,0,1,8,63
1,117,0,0,7,0,20,0,1,2,57
1,111,0,0,6,0,1,1,1,2,59
0,0,0,0,0,1,20,1,0,1,30
1,58,0,0,2,0,19,1,1,4,76
0,0,0,0,7,1,13,1,0,9,76
1,101,0,0,1,1,20,0,0,6,61
1,61,0,0,6,1,24,0,1,8,71
0,0,1,266,2,0,3,1,1,2,66
1,80,1,483,7,0,21,0,1,0,78
1,12,0,0,6,1,2,0,0,3,48
0,0,1,223,1,1,15,1,1,9,81
0,0,1,406,5,0,24,0,1,9,78
1,16,0,0,2,0,0,0,1,7,37
1,116,1,549,5,1,2,1,1,6,100
1,48,0,0,5,0,20,0,1,5,76
1,15,0,0,0,0,5,1,1,4,41
0,0,1,28,3,1,9,1,1,2,76
0,0,1,18,1,0,8,0,1,2,41
0,0,1,586,4,1,10,1,1,7,94
1,92,1,438,3,0,9,1,1,9,93
0,0,0,0,2,0,7,1,0,1,37
0,0,0,0,6,1,16,0,0,1,44
0,0,1,95,2,1,1,0,1,1,50
1,118,0,0,3,1,1,1,1,8,70
1,68,1,226,6,0,14,0,1,7,100
0,0,1,429,3,0,6,1,0,6,74
0,0,1,543,4,0,14,1,1,1,80
1,119,0,0,6,0,21,0,0,8,54
1,103,1,292,7,0,18,0,0,5,83
1,48,1,522,5,0,2,1,0,5,82
0,0,0,0,3,1,0,1,1,9,51
0,0,1,223,0,1,17,0,1,9,62
1,70,0,0,4,1,14,1,0,4,80
1,10,1,401,2,1,14,0,0,7,86
1,5,0,0,5,1,2,1,1,9,69
1,106,0,0,5,0,11,1,1,7,72
1,59,0,0,0,1,11,0,0,2,48
0,0,1,53,5,0,19,1,0,0,67
1,22,0,0,3,0,21,1,0,5,57
0,0,1,523,0,0,16,0,0,3,43
0,0,1,319,1,1,18,1,1,1,71
0,0,0,0,1,0,15,0,0,8,30
0,0,0,0,4,0,24,0,1,4,47
0,0,0,0,2,0,15,1,1,9,48
0,0,1,166,3,0,7,1,0,0,66
1,15,1,253,3,1,16,0,0,3,93
1,63,1,29,0,1,6,0,1,1,57
1,118,1,478,4,0,2,1,1,7,97
1,80,0,0,0,1,3,0,0,0,34
1,75,0,0,5,1,24,0,0,6,71
0,0,1,142,2,1,20,0,0,0,57
0,0,1,147,6,0,5,0,1,4,63
0,0,0,0,0,0,0,1,1,0,16
0,0,0,0,5,0,18,1,1,6,63
0,0,1,15,5,0,17,1,0,3,62
0,0,1,284,4,1,2,0,1,8,76
0,0,1,169,2,1,11,1,0,5,72
0,0,1,276,1,0,24,0,0,4,48
0,0,0,0,5,0,1,1,1,5,43
0,0,0,0,7,0,9,1,0,8,54
0,0,0,0,1,0,18,1,1,7,43
1,14,1,580,1,0,1,1,0,3,64
0,0,0,0,7,0,0,0,0,2,19
1,103,1,202,2,0,9,1,1,8,95
1,81,0,0,0,1,18,1,0,6,63
0,0,1,333,0,1,17,1,0,1,57
0,0,0,0,1,1,12,0,1,5,45
0,0,0,0,0,0,6,0,0,9,16
0,0,0,0,3,1,23,0,0,8,50
0,0,1,536,7,1,2,1,1,6,86
1,32,0,0,2,1,4,1,0,1,48
1,52,1,535,0,0,7,1,1,3,66
1,12,1,55,4,0,19,1,0,1,72
1,18,0,0,3,0,1,1,1,0,42
1,98,1,177,1,1,20,1,1,6,92
0,0,0,0,2,1,16,1,1,0,48
1,85,1,12,0,1,9,0,1,6,84
1,62,0,0,4,0,1,1,1,9,58
0,0,1,137,0,1,16,1,0,7,59
1,93,1,180,6,0,13,0,0,8,94
1,60,0,0,2,1,18,0,1,2,56
0,0,0,0,2,1,4,1,1,4,49
0,0,0,0,0,0,0,1,1,5,21
1,14,1,442,0,0,13,1,1,5,78
0,0,1,304,7,1,16,0,0,6,77
0,0,0,0,6,0,2,0,1,7,32
1,16,0,0,7,0,19,1,1,2,68
0,0,0,0,0,0,13,0,1,0,22
1,25,1,417,0,0,15,1,1,1,73
0,0,1,344,7,1,9,0,0,4,73
1,107,1,54,0,1,19,1,0,8,75
0,0,0,0,0,1,9,1,0,0,23
0,0,1,35,4,1,18,1,0,5,85
1,51,1,109,7,0,6,0,1,8,76
1,49,0,0,1,0,21,1,1,2,60
0,0,1,239,0,1,6,1,0,9,72
1,115,0,0,4,0,16,0,1,7,72
1,50,1,136,3,0,22,0,1,1,77
1,107,1,19,5,1,22,0,0,2,94
1,16,1,116,1,1,0,1,1,2,59
1,68,0,0,4,0,20,1,0,7,72
1,62,1,543,1,0,17,0,0,2,57
1,59,1,267,4,0,2,1,0,9,90
0,0,0,0,0,0,0,1,0,2,16
0,0,0,0,2,0,17,1,0,7,54
1,111,1,458,7,0,5,0,0,4,74
1,68,1,399,0,1,2,1,1,3,75
0,0,0,0,0,1,14,0,1,7,33
1,97,0,0,6,1,17,0,0,7,78
1,115,1,7,7,1,4,1,0,6,90
0,0,0,0,4,0,12,1,0,0,47
0,0,0,0,5,0,6,0,0,4,34
0,0,1,317,6,0,3,1,1,8,72
0,0,0,0,2,0,19,1,1,7,37
0,0,1,464,1,0,10,0,1,0,62
0,0,0,0,5,1,7,1,1,3,60
0,0,1,596,6,1,15,0,1,0,84
0,0,0,0,2,1,23,1,1,8,58
0,0,1,268,6,1,7,1,0,5,84
1,5,1,284,0,1,16,1,1,2,79
0,0,0,0,3,0,5,0,1,9,39
0,0,0,0,2,0,24,0,1,3,39
0,0,1,574,1,0,17,1,1,2,62
0,0,0,0,0,0,17,0,1,7,29
0,0,0,0,4,0,10,1,1,0,49
1,112,0,0,6,1,2,1,1,9,73
0,0,1,374,4,0,15,0,1,4,73
0,0,0,0,4,1,13,0,1,4,53
0,0,1,309,3,1,19,0,0,0,62
0,0,1,368,5,1,12,0,1,3,82
0,0,1,111,2,1,14,1,0,6,70
0,0,0,0,4,0,24,1,1,0,57
1,17,1,538,7,1,21,0,1,5,99
0,0,0,0,4,0,16,0,0,0,42
1,70,1,288,3,0,5,0,0,3,61
1,52,1,63,7,0,17,1,1,2,87
1,13,0,0,0,0,23,1,1,6,54
1,75,1,23,2,1,18,1,1,6,91
0,0,1,399,3,1,9,1,0,8,81
0,0,0,0,0,1,3,0,0,6,17
0,0,1,314,7,0,22,0,1,1,69
1,29,1,69,1,1,19,0,0,4,71
0,0,0,0,6,1,0,0,1,5,48
0,0,0,0,3,1,4,1,1,0,50
1,111,1,203,4,1,16,1,0,6,100
0,0,1,91,4,1,12,0,1,7,75
1,31,1,510,1,1,16,1,0,2,90
0,0,0,0,4,1,5,0,0,6,51
0,0,0,0,2,1,4,1,0,0,37
0,0,0,0,4,0,15,0,1,2,46
0,0,1,372,6,1,8,0,0,7,76
1,95,0,0,0,1,18,1,1,0,51
1,86,0,0,4,1,4,0,1,2,64
1,9,1,335,7,1,12,0,1,8,97
0,0,1,55,1,1,4,1,1,8,58
0,0,1,336,7,0,22,1,0,3,70
0,0,0,0,4,0,23,1,0,3,59
0,0,1,97,1,1,16,1,0,1,59
1,18,1,548,1,1,20,1,1,7,95
0,0,1,504,4,1,23,0,0,8,81
0,0,1,139,6,0,8,0,1,8,59
1,40,1,45,4,1,21,1,1,7,93
0,0,1,466,0,1,0,0,1,7,49
0,0,0,0,5,0,15,0,1,6,45
1,36,1,413,2,1,5,0,0,4,75
0,0,0,0,5,0,17,1,1,4,68
1,106,1,400,2,0,4,0,0,5,69
0,0,1,236,3,0,19,0,0,0,48
0,0,1,17,6,1,16,0,0,0,50
0,0,0,0,5,0,24,1,0,9,53
1,50,1,52,1,0,18,1,1,0,69
1,101,1,331,2,0,13,1,1,4,100
0,0,1,66,5,1,23,0,0,4,65
0,0,1,188,6,1,0,1,0,9,62
0,0,1,346,2,1,6,0,0,2,53
1,32,0,0,3,0,22,1,0,5,58
0,0,0,0,0,1,13,0,1,8,38
1,63,1,449,7,0,19,1,1,8,100
1,96,1,519,1,1,23,1,0,3,92
0,0,0,0,4,1,24,1,1,0,54
0,0,0,0,2,1,16,0,1,0,42
0,0,0,0,7,0,17,1,1,1,51
0,0,1,68,3,1,11,1,0,1,68
0,0,1,312,3,1,14,0,0,1,62
0,0,1,480,3,0,24,0,1,2,66
0,0,1,324,7,1,0,1,1,8,74
1,57,0,0,1,1,9,1,0,2,59
1,94,1,382,7,1,7,0,0,9,94
0,0,1,481,2,0,24,1,1,6,74
1,45,1,575,5,1,7,0,0,9,84
1,39,0,0,7,1,21,1,1,6,85
0,0,0,0,6,1,8,0,0,8,62
1,43,0,0,4,0,1,0,1,3,52
0,0,0,0,4,1,5,0,1,6,57
0,0,0,0,4,1,9,1,0,9,63
0,0,1,136,3,1,16,1,0,7,67
0,0,0,0,0,0,12,0,1,6,28
0,0,0,0,4,1,4,0,0,1,33
1,34,0,0,3,1,16,1,0,0,62
1,36,1,6,6,0,15,0,0,4,78
1,27,1,186,6,1,9,0,1,7,83
0,0,0,0,0,0,10,0,0,6,22
0,0,0,0,1,1,14,1,0,9,42
1,83,0,0,7,0,8,1,0,2,62
0,0,1,33,5,1,8,1,1,0,66
0,0,0,0,7,1,5,1,0,7,53
1,103,0,0,7,0,8,0,1,2,63
0,0,1,111,6,1,19,0,1,2,79
1,102,0,0,3,0,1,1,0,2,54
1,26,1,92,1,0,6,1,1,7,70
1,59,1,60,5,0,24,1,1,1,80
1,67,1,479,2,1,13,0,0,9,84
1,78,1,363,1,1,22,0,1,9,98
0,0,0,0,5,0,13,1,0,0,36
1,83,1,392,6,1,8,1,0,2,97
1,57,1,433,2,1,2,1,0,9,83
1,28,1,268,2,1,12,1,0,2,84
1,33,0,0,0,1,15,0,1,0,40
0,0,1,324,7,1,0,1,0,1,62
0,0,1,27,0,0,19,0,0,6,35
0,0,0,0,4,1,18,0,0,1,52
1,52,1,573,5,1,8,0,1,0,91
0,0,0,0,7,0,10,0,1,5,48
1,109,0,0,0,1,8,0,1,9,52
0,0,1,61,6,1,3,1,1,5,82
0,0,1,446,0,1,21,1,0,1,61
1,41,1,574,3,0,16,1,1,2,91
0,0,1,91,4,0,8,0,1,8,64
0,0,0,0,2,1,20,0,1,9,54
0,0,0,0,3,0,12,1,0,6,52
0,0,0,0,2,0,2,1,0,1,10
1,101,0,0,7,0,0,0,1,3,51
0,0,0,0,4,1,16,1,1,4,58
0,0,1,426,0,0,19,0,1,9,58
0,0,1,414,5,0,9,1,0,4,73
1,105,1,80,6,1,16,0,1,9,100
0,0,1,414,0,1,13,1,0,1,71
0,0,1,497,3,1,16,1,1,9,85
0,0,0,0,1,1,14,1,1,3,51
0,0,0,0,4,0,4,0,0,1,18
1,119,1,200,2,0,13,1,0,4,89
0,0,0,0,4,0,7,0,1,8,40
0,0,0,0,7,0,7,0,0,7,37
1,78,1,238,7,0,7,0,1,7,84
0,0,0,0,7,0,12,0,0,1,29
0,0,1,70,1,1,1,0,0,5,48
0,0,1,385,1,1,3,1,0,6,70
1,36,0,0,5,0,17,0,1,2,63
0,0,0,0,6,0,15,0,1,0,33
0,0,1,554,4,0,10,1,1,5,77
0,0,1,467,3,0,12,0,0,9,60
0,0,1,170,5,0,8,0,0,8,58
0,0,1,245,4,1,24,0,0,5,73
1,48,1,272,5,1,20,0,1,8,97
0,0,1,146,0,0,17,1,1,9,62
0,0,1,50,0,1,13,0,0,2,48
0,0,1,452,7,1,17,0,1,6,83
0,0,0,0,2,0,3,1,1,8,42
0,0,0,0,1,0,15,1,1,6,44
1,27,0,0,7,0,10,0,1,6,58
0,0,0,0,0,0,23,0,0,3,20
1,60,0,0,4,0,17,1,1,3,69
1,50,1,444,0,0,11,1,0,2,74
0,0,1,378,6,1,6,1,1,3,85
1,79,1,478,2,0,1,0,0,2,65
0,0,1,399,3,1,23,1,1,1,79
0,0,1,527,4,1,19,1,1,8,92
1,33,1,193,5,1,8,0,1,4,95
1,48,0,0,0,1,0,1,0,3,42
0,0,0,0,3,0,21,0,1,4,35
1,110,1,96,5,1,3,0,0,0,79
0,0,1,468,2,0,5,0,0,0,48
1,19,1,60,5,1,14,0,1,6,85
0,0,1,21,0,0,1,1,1,7,44
0,0,0,0,2,1,21,0,1,0,40
1,11,1,35,5,1,18,0,0,9,81
1,119,0,0,4,1,16,0,0,7,70
0,0,1,95,0,0,5,1,1,9,55
1,114,1,594,3,0,23,0,1,6,88
1,86,1,397,7,1,5,1,0,2,96
0,0,1,135,0,0,15,1,1,4,56
1,68,1,210,6,0,2,1,0,4,84
0,0,0,0,5,0,15,1,0,3,60
1,112,0,0,2,0,18,1,1,1,61
1,77,1,595,3,0,20,1,1,2,94
1,35,0,0,5,0,21,1,0,5,74
0,0,0,0,4,0,6,0,0,9,38
0,0,0,0,0,1,22,1,0,0,43
0,0,1,379,2,0,9,1,0,5,62
0,0,1,184,1,0,8,0,0,6,49
0,0,0,0,4,1,18,1,0,4,60
1,62,1,367,4,0,2,0,1,1,79
1,57,1,53,7,1,9,0,0,9,85
1,61,1,189,7,1,8,1,0,7,96
1,105,0,0,6,0,7,0,1,0,55
0,0,0,0,3,1,6,1,0,6,49
1,92,0,0,0,1,7,0,0,6,54
1,30,1,352,7,0,9,1,1,8,100
1,36,0,0,4,1,17,0,1,6,79
0,0,1,55,3,1,8,1,1,2,76
0,0,1,65,2,0,0,1,0,2,34
1,54,1,269,3,1,24,0,1,4,88
0,0,0,0,1,1,19,0,0,6,40
1,49,0,0,5,0,8,0,0,6,60
1,9,1,518,1,1,23,1,1,8,90
0,0,1,275,1,1,21,1,1,6,71
1,39,1,196,0,0,6,0,1,2,53
0,0,1,493,4,1,11,1,0,2,82
0,0,1,391,5,1,8,1,0,2,88
1,69,1,146,0,0,3,0,1,5,61
1,41,0,0,5,0,8,0,0,2,46
1,114,1,365,4,0,2,1,1,8,88
0,0,0,0,3,0,19,0,0,4,45
1,26,1,338,0,0,4,0,0,2,38
0,0,0,0,0,0,2,0,1,8,13
0,0,0,0,7,0,24,0,1,4,48
0,0,1,561,4,0,18,1,0,9,72
0,0,0,0,3,1,10,0,0,0,41
1,31,1,496,0,1,12,0,0,4,75
0,0,0,0,3,1,10,0,1,8,55
0,0,1,41,7,0,6,0,1,8,61
1,84,1,537,7,0,5,0,1,0,79
1,119,0,0,5,0,11,1,0,4,73
0,0,0,0,2,0,23,1,0,2,43
1,61,0,0,2,1,17,1,0,5,77
0,0,1,379,2,1,7,0,0,1,64
1,19,1,218,6,1,19,0,1,5,100
0,0,0,0,2,0,2,0,0,5,15
0,0,1,429,0,1,6,1,1,5,78
0,0,1,406,6,1,11,1,1,4,82
0,0,1,444,7,0,18,1,0,4,69
1,33,1,132,5,0,12,1,1,4,94
0,0,1,557,3,0,20,1,1,7,81
0,0,1,203,5,0,11,0,0,0,58
0,0,1,504,4,1,20,1,0,4,90
1,44,0,0,2,1,9,0,0,1,50
0,0,1,308,3,0,5,0,0,2,52
0,0,0,0,3,1,2,0,0,3,31
1,45,0,0,0,1,17,1,1,7,64
1,106,1,294,4,0,9,1,1,2,98
0,0,1,565,0,0,15,1,0,6,65
0,0,1,394,5,1,15,1,1,5,99
1,16,1,272,7,1,12,0,0,8,88
0,0,0,0,2,0,18,1,1,0,38
0,0,0,0,4,1,4,1,1,7,55
1,8,1,404,4,0,1,1,1,6,80
0,0,1,467,0,1,9,0,0,1,56
0,0,0,0,6,1,20,0,0,2,51
0,0,1,297,0,0,7,1,0,4,58
0,0,0,0,6,0,9,0,1,4,42
0,0,0,0,0,1,10,1,0,8,48
0,0,0,0,1,1,11,1,0,1,47
1,58,1,211,2,1,8,0,1,5,92
1,103,0,0,5,1,19,1,1,7,95
1,26,0,0,6,1,24,0,0,6,72
1,56,0,0,1,1,18,0,0,1,48
1,60,0,0,2,0,0,1,1,0,36
1,107,1,299,7,0,1,0,1,0,71
0,0,1,503,7,0,4,1,1,9,72
1,48,0,0,1,1,23,1,1,3,74
0,0,1,443,6,0,20,1,0,2,79
0,0,1,574,4,1,13,1,1,9,88
1,59,1,86,6,1,3,1,0,9,92
0,0,0,0,3,0,10,0,1,3,43
1,28,1,293,0,1,16,0,1,4,69
0,0,1,471,1,1,12,0,0,8,73
0,0,0,0,1,1,4,0,1,2,33
0,0,0,0,7,1,14,1,1,3,61
1,107,0,0,6,1,20,0,1,4,75
1,28,1,4,3,0,17,0,0,3,71
1,76,0,0,6,1,0,1,0,3,71
0,0,1,276,0,0,18,1,0,6,58
1,40,1,500,5,0,3,0,1,2,73
0,0,1,296,6,1,8,1,0,8,88
0,0,1,92,0,1,0,0,1,2,36
0,0,1,517,5,0,7,1,1,5,87
1,113,0,0,7,1,21,1,0,3,78
1,7,0,0,0,0,17,1,1,3,43
0,0,1,438,5,1,18,0,0,1,70
1,42,0,0,5,1,10,1,0,7,86
0,0,0,0,4,1,10,1,1,2,58
0,0,1,535,4,1,16,0,0,1,61
0,0,1,364,7,0,9,0,0,2,52
0,0,0,0,6,1,11,1,1,2,61
1,29,1,446,7,1,20,0,1,7,87
0,0,1,486,7,1,22,1,0,4,90
0,0,0,0,4,1,0,1,1,5,55
1,82,0,0,2,0,19,0,0,8,51
1,60,1,50,3,1,12,0,0,4,85
0,0,1,428,0,0,2,1,1,3,50
1,119,1,369,6,0,19,1,0,1,80
1,40,1,524,7,1,14,1,1,1,100
0,0,1,163,1,1,4,1,0,1,50
1,101,0,0,0,0,13,0,0,7,49
0,0,1,430,5,1,5,1,0,8,78
1,63,1,351,7,1,10,1,0,8,100
0,0,1,361,0,0,0,0,0,7,32
1,23,1,577,7,0,12,0,0,2,81
1,34,1,81,4,1,3,0,0,8,81
1,5,1,327,4,0,19,0,0,9,75
1,45,1,299,0,0,14,0,0,2,61
1,48,0,0,1,1,4,0,1,0,37
0,0,1,148,7,1,22,0,1,1,66
0,0,1,484,4,0,17,0,1,4,76
1,86,1,505,2,1,8,1,1,9,100
0,0,1,289,6,0,16,1,1,5,88
0,0,1,311,0,1,0,1,1,1,55
0,0,1,38,2,1,19,0,1,5,58
1,45,0,0,1,0,5,0,1,9,34
1,75,0,0,6,1,17,1,1,5,83
0,0,1,354,7,0,16,1,0,6,90
1,98,1,98,4,0,16,0,0,2,75
1,80,1,529,2,0,24,1,0,6,93
1,49,1,78,1,1,0,1,0,2,62
1,31,1,126,6,1,1,0,1,2,73
0,0,0,0,1,0,16,0,1,6,31
0,0,1,6,6,0,19,0,1,5,56
0,0,1,258,5,0,22,1,0,2,72
1,56,0,0,4,1,2,1,1,7,72
1,100,1,583,6,1,2,1,1,4,100
0,0,1,598,7,1,16,1,0,9,91
0,0,1,406,4,0,17,1,1,8,76
0,0,1,493,6,0,0,0,1,0,52
1,10,0,0,6,1,23,0,0,8,62
0,0,1,192,2,0,3,0,1,9,48
0,0,0,0,1,0,10,1,1,1,41
1,78,1,253,6,1,9,1,1,2,100
0,0,1,127,4,0,15,0,1,9,59
1,80,0,0,5,1,20,1,1,6,94
0,0,1,566,0,0,14,0,0,9,41
1,34,1,590,5,0,4,0,1,7,75
1,53,1,223,1,0,11,1,0,8,84
0,0,0,0,0,0,6,0,0,8,23
1,97,0,0,5,0,12,1,0,2,79
0,0,0,0,4,0,19,1,0,2,47
1,38,1,426,0,0,23,0,0,4,66
0,0,0,0,4,1,21,0,1,7,62
1,100,1,587,5,1,18,1,1,8,100
1,21,1,467,0,0,14,1,1,2,71
0,0,1,158,3,1,20,1,0,8,72
1,111,0,0,1,0,18,1,0,8,68
0,0,0,0,6,1,12,0,1,1,57
1,33,0,0,7,1,19,0,0,2,60
1,31,1,412,0,1,2,1,0,5,69
1,49,1,412,1,0,18,1,0,1,66
0,0,0,0,3,0,22,1,0,7,50
0,0,1,224,7,1,21,0,0,0,55
0,0,0,0,2,0,15,0,1,9,41
0,0,0,0,1,1,4,1,1,5,43
0,0,0,0,4,0,8,0,0,5,47
1,85,0,0,7,1,6,1,0,0,69
1,76,1,45,5,0,2,0,1,4,68
1,111,0,0,0,0,9,0,0,4,43
1,110,0,0,7,1,15,1,1,3,89
0,0,0,0,3,0,12,1,1,8,55
0,0,0,0,7,1,15,1,0,9,65
0,0,1,208,1,0,20,0,0,0,31
1,30,1,158,5,0,16,0,0,7,83
1,14,1,257,6,1,4,0,0,4,82
1,104,0,0,4,0,14,0,0,2,67
0,0,0,0,3,0,21,0,0,5,37
0,0,1,567,7,1,17,1,1,4,94
0,0,1,204,0,1,0,0,0,0,33
1,92,0,0,2,1,11,1,0,2,67
1,95,0,0,5,0,2,1,0,1,55
0,0,0,0,5,1,16,0,0,5,60
0,0,1,50,5,1,4,0,0,0,56
0,0,0,0,6,1,12,0,0,5,47
1,64,1,64,6,1,3,0,0,7,86
1,14,1,190,0,0,24,1,0,8,76
1,110,1,153,3,0,8,1,1,4,93
0,0,0,0,2,0,16,1,0,8,38
1,54,1,479,0,0,20,0,1,0,62
1,13,0,0,5,0,11,1,1,1,57
1,30,1,546,4,0,23,0,1,5,87
0,0,0,0,4,0,1,0,1,0,24
0,0,0,0,1,0,20,0,1,6,36
1,110,1,265,3,0,17,0,0,7,81
0,0,0,0,5,0,19,1,0,0,40
0,0,1,383,5,1,4,1,0,3,78
1,65,0,0,6,0,6,1,0,2,56
1,87,0,0,3,1,12,1,0,0,68
0,0,0,0,0,0,2,0,0,5,8
0,0,1,246,1,1,12,1,1,0,72
0,0,0,0,5,1,24,0,0,7,52
1,28,1,408,6,1,22,1,0,1,96
0,0,1,115,6,1,12,1,0,7,86
1,116,0,0,6,1,5,0,0,7,63
0,0,1,314,0,0,17,1,0,0,56
0,0,1,268,2,0,18,1,1,4,66
1,70,1,207,7,1,8,1,0,8,99
1,44,0,0,1,1,16,0,0,0,40
1,92,0,0,1,0,5,1,1,0,48
1,113,0,0,5,1,19,0,1,6,79
0,0,1,348,1,0,12,0,0,8,53
1,44,1,305,3,0,23,0,0,0,66
0,0,1,129,6,1,18,1,1,7,81
0,0,0,0,6,1,19,1,0,0,59
1,73,1,345,0,1,17,0,0,6,81
0,0,0,0,5,1,9,1,1,2,59
0,0,0,0,5,0,15,0,1,2,41
0,0,0,0,4,1,13,0,1,8,62
1,71,0,0,0,1,6,0,0,5,52
1,96,1,526,0,1,13,1,1,5,87
0,0,0,0,4,0,17,1,0,8,62
1,96,0,0,3,0,17,0,1,6,70
0,0,1,484,7,0,20,0,1,6,72
1,44,0,0,0,0,0,1,0,4,35
1,78,0,0,1,0,4,0,1,7,39
1,119,1,425,2,1,23,1,0,6,100
1,103,1,255,1,0,6,0,1,2,73
0,0,0,0,6,0,9,1,1,4,65
0,0,0,0,1,1,21,0,0,5,44
1,20,0,0,5,0,14,1,1,8,73
1,110,1,196,2,1,1,0,1,7,75
1,39,0,0,2,1,17,0,1,5,69
0,0,0,0,2,0,6,0,0,3,25
1,7,0,0,3,1,13,0,0,7,58
1,44,1,357,4,0,6,0,0,9,80
0,0,0,0,1,1,2,0,1,0,18
0,0,1,254,5,1,19,0,0,6,78
1,6,1,152,0,0,0,0,1,3,40
0,0,1,309,4,0,22,1,0,4,68
0,0,0,0,1,1,15,0,1,9,40
0,0,0,0,0,0,11,1,1,0,34
0,0,1,284,0,1,13,0,1,0,51
0,0,1,223,3,1,4,1,1,8,75
1,71,1,406,5,0,22,0,0,3,84
0,0,1,59,5,0,0,1,0,0,48
1,53,1,465,6,1,19,0,0,8,94
1,97,1,416,6,1,14,1,0,9,100
1,31,1,135,6,0,8,0,0,5,82
0,0,0,0,6,0,4,0,0,5,35
1,91,1,4,5,0,19,1,0,0,83
1,27,1,12,5,1,9,1,1,6,100
0,0,1,91,2,0,18,1,0,4,62
1,9,0,0,5,0,8,1,1,4,68
0,0,0,0,5,1,15,1,1,9,64
1,40,1,134,6,0,15,0,1,2,77
0,0,1,591,1,1,15,1,1,3,77
1,119,0,0,0,1,3,1,0,2,51
0,0,1,546,2,1,11,0,1,7,66
0,0,0,0,2,1,15,0,0,3,29
0,0,0,0,4,0,10,1,0,1,43
1,107,0,0,5,1,0,0,1,8,68
1,69,0,0,2,1,20,1,0,8,84
0,0,1,494,5,1,5,1,0,3,80
1,19,0,0,7,1,12,1,1,8,80
1,7,0,0,3,0,11,1,0,2,45
0,0,0,0,4,1,11,0,0,8,57
1,46,1,82,1,0,20,1,1,1,76
0,0,0,0,6,1,14,1,1,6,68
0,0,1,341,1,1,0,0,1,6,51
1,25,1,209,5,1,13,0,0,4,95
1,17,0,0,4,0,4,0,0,9,39
0,0,1,558,7,1,15,0,1,1,84
1,110,1,598,7,1,16,0,0,0,90
0,0,1,549,5,0,17,1,0,0,68
1,74,1,454,5,1,16,0,0,5,97
0,0,0,0,0,1,2,0,1,5,24
0,0,1,577,5,1,18,1,0,8,89
0,0,0,0,3,0,7,1,1,9,57
0,0,1,552,0,1,24,1,0,4,76
0,0,1,66,3,1,20,1,1,4,82
1,49,0,0,5,1,10,1,0,6,87
1,21,0,0,2,0,0,1,0,3,46
0,0,0,0,0,0,0,0,0,2,5
1,108,1,132,6,0,14,0,1,3,80
0,0,0,0,5,1,5,1,0,9,57
1,86,1,428,5,1,22,0,1,2,98
0,0,1,268,6,0,12,1,0,7,69
1,104,0,0,5,0,22,1,0,1,71
0,0,0,0,5,0,8,0,0,1,37
1,23,1,4,0,1,24,0,1,0,52
0,0,1,122,7,0,16,1,1,9,84
1,60,1,403,6,0,14,1,0,6,99
1,39,1,375,2,1,14,0,1,6,82
1,68,0,0,6,0,10,1,1,6,72
0,0,1,117,1,0,19,0,1,3,37
0,0,1,165,4,1,4,1,1,0,76
0,0,1,61,3,1,0,1,1,4,71
1,76,0,0,1,1,2,0,1,0,43
1,71,0,0,0,1,14,1,1,6,69
1,77,1,32,7,0,12,0,0,2,79
0,0,0,0,0,0,9,1,1,2,24
1,5,0,0,7,1,13,0,0,7,70
0,0,0,0,3,1,0,0,0,0,17
0,0,1,422,6,0,21,1,1,4,83
1,31,0,0,0,0,13,1,1,2,49
0,0,0,0,1,1,20,1,1,1,49
1,117,1,594,2,0,10,1,0,2,85
0,0,1,418,6,1,8,1,1,2,84
1,50,1,265,7,0,7,1,0,9,88
0,0,0,0,5,0,14,0,0,2,33
0,0,1,556,6,0,1,0,1,1,55
0,0,1,326,5,0,5,0,0,0,63
0,0,0,0,2,0,21,0,0,2,34
0,0,0,0,3,1,2,1,0,0,24
0,0,0,0,3,0,0,1,1,8,48
1,106,1,204,4,0,18,0,1,8,95
1,36,0,0,0,0,17,0,1,0,29
0,0,0,0,2,1,1,1,0,1,29
0,0,0,0,0,1,17,0,1,2,35
1,40,0,0,7,0,7,0,0,2,58
1,115,0,0,0,0,5,1,1,1,38
1,37,0,0,1,0,4,1,0,4,37
1,33,0,0,7,1,0,1,1,0,62
1,70,0,0,0,0,10,1,1,9,51
0,0,1,120,3,0,6,0,1,0,52
0,0,1,530,4,0,18,1,1,4,87
1,117,0,0,3,1,0,0,0,3,56
0,0,1,398,2,0,4,0,0,6,53
0,0,1,545,0,1,14,0,0,6,58
1,26,0,0,5,0,12,0,0,4,59
0,0,1,597,3,0,17,1,0,2,62
1,113,1,428,1,0,17,0,0,8,69
1,86,0,0,0,0,14,0,1,5,59
0,0,0,0,7,1,4,1,1,2,54
0,0,1,185,5,0,2,0,1,0,54
1,118,1,190,2,1,4,1,0,3,85
1,118,0,0,1,1,18,0,0,1,45
1,48,1,513,2,1,23,1,1,5,98
1,12,1,106,0,1,11,0,1,6,71
0,0,1,464,4,1,23,1,0,0,67
0,0,0,0,6,1,20,1,0,4,59
1,101,1,455,7,0,21,0,0,1,81
1,84,1,566,7,0,17,1,1,1,91
0,0,1,10,5,0,24,0,1,9,67
1,35,0,0,2,1,7,1,0,4,66
1,81,0,0,3,1,21,0,0,4,69
0,0,1,175,0,0,23,0,1,8,56
0,0,1,283,6,0,1,0,1,9,67
0,0,1,272,6,0,2,0,1,8,56
0,0,1,46,3,0,8,0,0,0,41
1,77,1,215,4,1,13,0,0,6,100
0,0,0,0,0,0,21,1,0,5,31
1,20,0,0,4,1,6,0,1,0,53
1,79,0,0,4,0,24,1,0,5,74
0,0,0,0,1,0,5,0,1,5,20
1,19,1,566,0,0,20,1,1,7,78
0,0,1,537,3,1,5,1,1,6,85
0,0,0,0,1,0,22,0,1,0,21
0,0,1,366,0,1,7,0,0,7,53
1,64,0,0,2,0,19,0,0,3,43
1,42,0,0,4,1,6,0,1,2,61
0,0,1,573,4,1,7,1,1,7,97
0,0,1,534,6,1,24,1,1,5,96
0,0,0,0,7,0,5,1,0,9,40
1,22,1,187,0,0,9,0,1,7,66
1,99,1,153,3,0,3,1,1,4,77
1,35,0,0,4,0,4,1,0,8,50
0,0,0,0,0,0,15,1,0,1,26
1,81,1,557,1,0,9,1,0,6,80
0,0,1,266,2,1,12,1,1,3,73
0,0,1,315,6,0,19,1,1,5,80
0,0,0,0,5,0,22,0,0,2,34
1,29,0,0,0,0,20,1,0,4,40
1,18,0,0,4,1,24,1,0,2,71
0,0,1,372,6,0,19,0,1,8,74
1,36,0,0,0,1,0,1,1,3,46
0,0,0,0,4,1,22,0,1,3,53
1,81,0,0,5,0,18,0,0,1,62
1,100,1,10,3,0,11,1,0,6,82
0,0,0,0,7,1,22,1,1,4,70
0,0,1,385,0,1,5,1,0,4,64
1,35,1,220,1,1,12,1,0,1,73
1,51,1,192,3,0,21,1,1,1,89
0,0,0,0,3,1,1,1,0,5,38
0,0,1,576,5,1,16,0,1,9,78
1,70,1,268,2,0,13,0,0,4,77
0,0,1,144,1,0,7,1,0,7,59
1,59,0,0,2,1,2,0,0,4,47
1,51,1,101,0,1,0,0,1,7,54
1,15,0,0,0,0,23,1,0,7,52
0,0,1,238,6,0,5,0,0,2,59
1,58,0,0,2,1,12,1,1,9,75
1,15,1,368,5,1,20,0,0,4,92
1,7,1,160,6,1,15,0,0,4,89
1,40,0,0,5,0,7,1,1,5,72
1,101,0,0,5,1,21,0,0,5,83
1,118,1,92,2,1,23,1,0,6,94
0,0,1,468,6,1,13,0,0,1,82
1,41,0,0,2,0,0,1,0,2,48
1,82,1,241,7,0,7,0,0,3,85
0,0,1,486,0,0,20,0,0,3,46
1,9,0,0,5,1,23,1,1,1,72
1,72,1,481,4,1,1,0,0,2,75
0,0,0,0,5,1,11,1,0,1,57
0,0,1,77,2,0,22,0,1,7,65
0,0,0,0,0,0,14,1,0,1,25
0,0,0,0,1,0,8,1,0,8,34
0,0,0,0,5,0,19,1,1,0,52
0,0,0,0,0,1,21,0,1,6,33
1,76,0,0,6,1,3,0,0,9,56
1,117,1,485,7,1,4,0,1,8,100
1,109,1,352,2,1,17,0,0,4,91
1,7,1,563,4,1,19,1,0,7,100
0,0,0,0,5,1,21,1,1,9,73
0,0,1,1,4,0,22,1,0,8,74
1,83,0,0,1,1,10,1,0,6,63
1,87,1,597,6,0,6,1,0,6,92
0,0,0,0,5,0,18,0,0,4,40
0,0,0,0,2,1,6,0,1,6,46
0,0,0,0,5,1,20,0,1,5,62
1,6,0,0,1,0,21,1,1,1,44
1,24,1,228,2,1,11,0,0,5,82
1,21,1,463,1,0,1,1,0,3,65
1,82,1,250,1,0,24,0,0,6,84
0,0,1,231,6,0,12,1,1,7,84
0,0,0,0,2,0,11,0,0,4,42
1,68,1,163,6,0,1,1,0,7,76
0,0,0,0,4,1,18,0,1,9,59
1,111,0,0,0,0,11,0,0,5,46
0,0,1,170,4,1,8,0,0,1,69
1,39,1,496,3,0,5,1,0,0,69
1,29,0,0,1,0,8,1,0,6,63
1,18,1,86,4,1,2,0,0,5,79
0,0,0,0,1,1,5,1,0,2,38
0,0,1,78,5,1,5,0,0,0,60
1,7,0,0,2,0,19,1,0,4,64
1,105,1,184,4,0,24,0,0,6,86
0,0,1,403,4,0,2,1,0,0,51
1,28,0,0,1,1,8,1,0,0,53
0,0,1,209,7,0,3,1,0,5,67
1,77,1,296,0,1,23,0,0,3,79
0,0,1,40,6,0,23,0,1,2,69
0,0,1,139,2,1,14,1,0,2,75
1,97,0,0,6,0,16,1,0,3,62
0,0,1,53,4,1,17,1,0,2,82
1,93,0,0,6,1,19,0,0,5,77
1,108,0,0,1,1,14,1,0,6,76
0,0,0,0,3,1,14,1,0,6,58
0,0,1,320,3,1,20,1,0,9,85
0,0,1,417,3,0,21,0,0,4,55
1,39,1,453,2,1,22,0,0,9,78
1,48,1,311,1,0,7,0,1,9,64
0,0,0,0,7,0,14,1,1,5,53
1,116,1,9,6,0,22,1,1,4,96
1,34,0,0,3,0,15,1,0,5,59
1,66,0,0,5,1,15,1,1,8,88
0,0,1,228,5,1,18,1,1,4,92
0,0,0,0,7,0,19,1,1,5,58
1,10,1,307,1,1,11,1,0,6,88
0,0,1,164,2,1,16,0,0,3,63
1,70,1,273,0,1,3,0,0,9,78
0,0,1,21,7,0,12,0,0,1,50
1,46,1,386,3,0,24,1,0,7,83
1,49,0,0,5,0,24,1,0,7,70
1,67,0,0,5,0,18,1,1,9,79
0,0,1,463,4,0,23,1,0,1,70
1,18,0,0,3,1,16,1,0,6,72
1,59,0,0,4,1,18,1,0,1,69
1,107,1,35,7,0,0,0,1,9,69
1,8,0,0,5,1,9,0,0,5,64
0,0,1,298,2,0,17,1,1,5,77
0,0,0,0,6,0,23,0,0,1,33
1,60,1,356,0,1,11,0,0,5,63
0,0,1,182,6,0,6,0,1,7,64
0,0,0,0,1,1,1,0,1,5,28
0,0,0,0,0,0,7,0,1,4,19
1,89,1,550,5,0,19,0,0,5,99
1,97,1,244,0,0,4,1,1,5,72
1,104,0,0,3,1,6,0,0,7,58
0,0,1,28,3,1,22,1,1,1,76
0,0,1,26,2,0,2,0,0,0,18
0,0,1,570,2,0,19,0,0,4,56
1,68,1,171,3,0,14,0,1,6,78
0,0,0,0,5,1,14,1,0,1,59
0,0,1,336,3,1,13,1,0,4,90
0,0,1,569,5,0,4,1,0,9,66
1,13,1,288,4,1,5,0,0,9,83
1,71,1,551,5,1,2,1,1,2,99
1,16,0,0,6,1,22,1,0,2,71
1,81,0,0,3,1,20,1,0,7,83
1,21,0,0,7,0,19,0,1,5,66
1,32,0,0,5,0,2,0,0,2,39
0,0,1,416,3,1,22,0,1,7,84
1,58,1,452,7,0,17,0,0,1,78
1,33,0,0,6,1,14,1,1,8,85
1,46,0,0,2,1,0,0,0,3,40
1,27,1,487,2,1,10,0,1,8,87
1,97,1,532,0,0,22,1,1,0,80
1,8,0,0,5,1,8,1,1,8,76
1,88,1,90,6,1,20,1,1,9,100
1,62,1,486,3,0,15,0,1,3,89
1,28,0,0,0,0,11,1,0,5,46
1,14,1,18,5,0,15,1,1,3,87
1,24,0,0,4,1,0,1,0,1,48
1,89,0,0,5,0,11,0,1,6,70
1,26,1,144,4,1,4,1,0,3,80
0,0,1,439,0,0,7,0,1,3,40
0,0,1,532,6,1,12,0,0,8,77
1,66,1,128,0,1,21,1,1,4,81
1,14,1,50,5,1,14,0,1,0,80
0,0,0,0,4,1,14,0,0,0,48
0,0,1,522,2,0,22,1,0,8,71
0,0,1,280,7,0,24,0,0,1,63
1,58,0,0,0,0,17,1,1,9,58
0,0,0,0,7,1,12,1,1,9,65
1,21,0,0,7,1,14,0,1,7,69
0,0,0,0,7,1,0,1,1,3,60
0,0,0,0,1,0,7,0,1,7,21
1,15,0,0,7,1,21,1,1,6,90
0,0,0,0,0,0,13,1,0,1,21
0,0,1,326,0,1,15,0,0,1,51
1,107,1,63,5,1,19,1,0,2,88
1,55,1,426,4,0,2,0,0,6,77
1,63,1,285,5,0,15,0,1,5,90
1,31,0,0,1,1,5,0,1,4,53
0,0,0,0,4,1,19,0,0,5,55
0,0,0,0,6,1,16,1,1,1,66
0,0,1,514,6,0,14,0,1,1,68
1,55,1,72,1,0,16,0,1,5,69
0,0,1,273,1,1,15,1,0,6,74
0,0,1,299,5,0,18,0,0,9,75
0,0,1,291,5,1,20,0,0,3,72
0,0,0,0,7,0,20,1,1,6,58
1,6,1,584,0,0,13,0,1,6,61
0,0,0,0,7,1,1,0,1,2,37
1,95,1,178,2,0,0,0,1,1,61
1,9,1,503,0,1,4,1,1,7,77
0,0,1,323,2,0,16,0,1,0,64
0,0,1,408,3,0,14,0,0,3,55
0,0,1,564,0,1,23,1,1,2,67
1,20,0,0,3,1,16,1,1,8,80
1,44,1,222,6,0,0,1,1,9,90
0,0,0,0,1,0,6,1,1,5,28
1,45,0,0,5,1,2,1,0,0,56
0,0,0,0,2,1,10,1,0,2,54
1,71,0,0,3,0,8,1,0,6,72
0,0,0,0,2,0,10,0,0,3,40
1,101,0,0,2,0,2,0,1,2,43
0,0,0,0,1,0,7,1,1,9,41
1,16,1,77,1,1,7,0,0,9,73
0,0,0,0,5,1,23,1,1,3,63
0,0,0,0,3,1,8,0,0,1,32
0,0,0,0,7,0,9,1,0,1,39
0,0,0,0,4,0,22,1,0,2,43
1,49,0,0,1,1,24,1,0,1,57
0,0,1,72,2,1,14,0,0,2,62
0,0,0,0,4,0,0,0,0,3,30
1,79,0,0,3,1,20,1,0,4,82
0,0,1,193,0,0,12,0,0,3,40
0,0,0,0,0,0,22,0,0,2,32
0,0,1,83,6,1,22,0,1,7,79
0,0,0,0,3,0,1,0,0,7,28
1,39,0,0,4,1,17,0,0,3,72
0,0,1,464,5,1,1,1,1,6,80
0,0,0,0,2,1,19,0,1,5,43
1,107,1,39,7,1,14,1,1,5,100
0,0,1,396,3,1,17,0,1,6,85
1,11,1,548,0,0,17,0,0,6,63
0,0,0,0,2,1,19,1,0,7,53
1,54,1,14,4,0,1,0,0,2,59
0,0,0,0,1,1,5,0,0,6,28
1,90,1,61,3,1,13,1,0,9,99
1,75,0,0,4,0,10,1,1,8,85
1,104,1,314,3,1,24,0,0,0,98
1,92,0,0,2,0,12,0,1,8,58
1,7,0,0,5,1,6,1,0,0,59
1,105,0,0,7,0,18,1,0,4,73
1,34,1,597,5,0,5,1,1,2,84
1,107,0,0,6,1,18,0,1,5,86
0,0,1,45,2,1,4,1,0,3,53
1,65,1,100,2,1,3,0,1,7,79
1,90,0,0,4,1,6,1,1,0,65
1,81,1,127,7,0,18,1,1,2,86
0,0,0,0,6,0,20,1,0,2,53
0,0,1,128,0,1,3,1,0,5,58
0,0,0,0,3,1,14,0,0,3,50
1,45,1,151,5,1,22,0,0,8,83
1,24,1,229,3,1,12,0,1,3,87
1,19,1,575,5,1,3,1,0,7,95
1,89,1,577,7,1,13,0,1,3,100
0,0,1,537,3,0,0,1,0,1,51
0,0,0,0,6,1,15,0,0,1,40
1,105,0,0,2,1,5,1,0,4,59
1,102,1,492,0,1,1,1,1,3,81
1,81,1,520,3,1,10,1,1,6,100
0,0,0,0,1,1,23,1,1,7,44
0,0,0,0,5,1,19,0,1,3,55
0,0,0,0,1,1,19,0,0,0,26
1,91,1,502,4,0,15,0,1,4,87
1,112,1,118,0,0,5,1,1,7,62
0,0,0,0,7,1,14,1,1,9,72
1,108,1,482,3,0,12,0,0,4,82
0,0,1,139,1,0,22,1,1,1,64
0,0,0,0,7,1,0,1,1,5,55
0,0,1,153,7,1,24,0,1,8,85
0,0,0,0,4,0,24,0,1,6,49
1,37,1,155,1,0,0,0,0,6,46
1,101,0,0,2,1,3,1,1,6,72
1,97,0,0,3,0,0,0,1,6,62
0,0,1,367,2,0,20,1,0,0,52
1,116,1,262,6,0,14,1,0,1,95
0,0,1,555,0,0,10,0,1,3,50
0,0,0,0,1,0,1,1,0,5,30
1,19,1,459,4,0,23,1,1,8,100
0,0,1,523,6,0,7,1,0,4,76
0,0,0,0,2,0,13,0,1,1,38
1,29,0,0,0,1,14,0,1,2,51
1,107,0,0,0,1,22,0,1,2,52
0,0,0,0,4,1,3,1,1,8,61
1,31,0,0,3,1,10,1,0,6,82
0,0,1,149,2,0,9,0,0,7,56
1,92,0,0,5,0,4,0,1,7,62
0,0,1,471,6,1,9,0,0,3,73
0,0,0,0,5,1,5,1,1,0,45
0,0,1,16,1,0,10,0,1,2,46
1,27,1,32,0,1,2,1,0,6,61
1,76,0,0,1,0,24,0,0,7,52
1,71,1,189,1,1,23,0,0,8,80
1,71,0,0,0,1,16,0,1,3,59
1,67,1,61,3,1,10,0,1,5,92
1,10,0,0,0,0,7,0,1,6,31
0,0,1,566,2,1,11,1,1,8,82
0,0,0,0,3,0,3,1,0,0,23
0,0,1,316,2,1,10,0,0,4,67
0,0,0,0,7,1,20,1,0,6,55
1,84,0,0,3,0,4,1,0,4,63
0,0,0,0,7,0,6,1,1,3,45
0,0,0,0,1,1,10,1,1,6,56
1,74,1,138,4,1,14,1,1,1,100
0,0,0,0,3,1,23,1,1,0,42
0,0,1,571,1,0,12,1,1,8,70
1,114,1,166,3,0,6,0,0,7,79
0,0,1,399,2,1,12,0,0,6,67
1,72,1,258,2,0,16,1,1,7,92
1,76,0,0,2,1,18,1,1,8,80
0,0,0,0,4,1,23,0,0,3,69
1,115,1,237,3,1,24,1,1,8,100
0,0,0,0,3,0,7,0,0,4,33
0,0,1,575,5,1,14,1,0,0,87
0,0,0,0,3,1,21,1,1,1,50
1,14,0,0,5,1,1,0,0,1,34
1,113,0,0,1,1,16,1,0,9,80
1,60,1,489,4,1,17,1,1,1,100
0,0,0,0,7,0,21,0,1,6,52
0,0,0,0,4,1,20,0,1,6,63
1,56,1,237,4,1,6,1,1,7,100
0,0,1,550,5,0,9,1,0,7,76
1,19,1,582,7,1,13,1,0,5,100
0,0,1,431,3,1,2,0,0,7,61
0,0,1,536,7,0,22,0,0,1,66
0,0,0,0,0,1,17,0,0,0,28
1,20,1,290,2,1,13,0,0,0,69
0,0,1,349,2,0,9,0,1,7,58
1,80,0,0,3,0,23,1,1,7,80
1,73,0,0,6,1,7,0,1,4,66
0,0,1,546,2,1,17,0,1,2,71
1,77,1,82,5,0,18,1,1,8,100
0,0,0,0,2,1,3,0,1,2,33
0,0,0,0,3,0,9,0,1,3,36
1,57,0,0,2,0,15,0,1,8,59
1,61,1,36,4,0,14,0,1,0,76
1,95,1,117,4,1,12,0,1,5,99
1,63,0,0,2,0,13,1,0,8,59
0,0,0,0,7,0,18,0,0,8,38
1,45,1,267,2,1,17,1,1,6,92
1,49,0,0,4,0,7,0,1,5,52
0,0,0,0,6,1,12,1,0,7,66
1,90,1,190,5,1,23,0,1,1,93
0,0,1,222,7,0,1,0,0,6,59
1,39,1,589,2,1,16,1,1,4,89
1,14,1,494,0,1,16,0,1,3,69
0,0,1,357,7,1,10,0,0,5,83
1,23,0,0,1,1,8,1,0,1,47
1,107,1,108,1,1,22,0,1,7,85
1,56,1,557,2,1,20,0,1,8,87
1,54,1,507,0,1,13,0,0,6,73
0,0,1,71,1,0,3,0,0,2,26
0,0,1,472,5,0,3,1,0,2,70
1,31,0,0,2,0,5,1,0,7,55
0,0,0,0,0,0,9,0,0,1,13
1,8,1,147,0,1,11,1,1,0,71
0,0,0,0,1,0,21,1,0,4,42
1,6,1,28,7,1,8,0,1,4,88
1,84,0,0,3,0,1,0,0,9,48
1,38,0,0,1,0,2,0,1,2,24
0,0,1,523,1,0,11,0,0,1,47
1,28,1,337,5,1,24,0,0,6,87
0,0,0,0,7,1,15,0,0,9,54
0,0,1,523,3,0,3,1,0,3,61
1,118,1,519,6,1,24,1,0,1,100
0,0,1,412,6,0,1,0,1,5,70
1,110,1,96,5,0,23,0,1,6,81
0,0,1,539,5,0,20,0,0,0,68
1,18,1,61,3,0,22,0,1,5,70
0,0,1,492,0,0,7,0,1,5,50
0,0,0,0,6,0,17,1,0,9,58
0,0,0,0,7,1,22,0,1,6,58
1,67,1,177,0,0,24,0,0,6,66
0,0,0,0,5,1,24,0,1,6,62
0,0,1,288,1,0,11,0,0,7,55
1,15,1,484,0,0,24,0,0,6,57
0,0,1,162,0,0,22,0,1,9,47
1,116,1,355,7,0,14,1,0,0,88
0,0,0,0,0,1,16,1,0,5,51
1,94,1,216,6,0,18,0,0,6,81
0,0,1,262,0,1,8,1,1,5,68
1,65,1,244,5,0,21,0,0,2,80
1,62,0,0,2,0,7,1,0,1,43
0,0,0,0,0,0,11,1,1,5,50
0,0,1,6,5,1,21,0,0,0,64
1,117,1,407,0,0,10,1,0,5,70
1,82,0,0,4,0,0,1,1,7,66
1,70,0,0,6,0,21,0,0,0,55
0,0,1,42,2,1,10,0,1,7,75
1,97,1,293,0,0,6,0,1,1,56
1,74,1,301,0,1,12,0,1,3,83
1,69,1,472,0,1,9,0,0,0,64
0,0,1,147,5,0,1,0,1,7,51
0,0,0,0,1,1,5,0,0,9,27
1,6,1,101,6,0,12,1,1,8,79
0,0,1,263,6,0,13,1,1,0,70
0,0,1,367,4,0,1,1,0,6,74
0,0,0,0,6,0,13,0,0,7,39
0,0,0,0,7,0,9,0,1,8,54
1,26,0,0,7,1,8,0,1,1,62
0,0,1,174,0,1,8,1,0,4,66
0,0,1,36,4,1,18,0,0,2,64
1,79,1,3,2,1,20,0,1,3,88
1,48,1,504,3,1,24,1,0,2,95
1,55,1,57,0,0,8,0,1,7,57
1,32,1,513,6,1,9,0,1,7,92
1,43,0,0,4,0,20,1,0,8,66
0,0,1,509,1,1,14,0,0,1,63
0,0,1,404,7,0,7,1,1,3,67
1,56,1,282,2,1,10,0,1,3,91
1,58,1,501,4,0,4,0,0,9,66
0,0,0,0,6,1,6,1,0,8,59
1,46,0,0,1,0,11,0,0,3,44
0,0,0,0,1,1,24,0,1,8,43
0,0,1,82,5,1,16,0,1,0,55
1,94,0,0,3,0,11,0,0,2,54
0,0,0,0,0,0,11,0,0,0,11
0,0,0,0,4,1,17,0,1,6,55
1,83,1,436,3,0,8,1,1,4,100
0,0,1,277,2,1,8,1,0,9,82
0,0,1,558,0,1,21,1,0,3,66
0,0,0,0,3,0,21,1,1,9,56
0,0,1,303,3,1,6,1,0,2,71
0,0,1,505,6,0,3,0,1,0,44
0,0,0,0,4,0,1,0,0,0,18
1,102,1,487,6,0,18,0,0,4,87
0,0,0,0,2,0,2,0,0,2,22
0,0,0,0,3,1,17,1,1,2,57
0,0,0,0,7,0,24,1,1,8,56
0,0,1,273,2,1,0,0,0,5,52
0,0,1,501,1,1,21,0,0,0,53
1,83,1,286,4,0,11,0,1,6,93
0,0,0,0,6,1,16,1,1,3,62
0,0,0,0,2,1,18,0,1,3,42
0,0,0,0,2,1,19,1,1,3,60
0,0,1,234,2,0,11,0,1,0,55
0,0,1,336,3,0,11,1,1,1,76
1,8,1,260,4,0,1,0,1,6,72
1,19,1,322,2,0,22,1,1,8,93
1,40,1,381,7,1,2,0,1,5,91
1,92,0,0,1,0,18,1,0,9,58
0,0,1,492,7,0,3,0,1,7,59
0,0,0,0,5,0,23,0,0,5,41
1,30,1,364,4,1,21,1,0,8,100
0,0,0,0,4,0,9,1,0,6,45
1,104,1,260,4,1,22,1,0,3,100
1,21,1,536,1,1,18,1,0,9,96
0,0,1,555,4,0,21,1,1,1,77
1,80,1,180,7,0,0,1,0,1,72
0,0,1,454,5,0,5,1,1,4,75
1,26,0,0,4,1,9,1,1,6,83
1,56,0,0,1,0,2,0,1,2,37
1,93,1,383,1,0,24,1,0,6,77
1,116,0,0,1,1,0,1,1,8,53
1,63,0,0,7,1,14,0,1,4,86
1,41,1,286,6,0,10,1,1,2,99
1,41,0,0,0,0,4,0,0,7,26
1,32,0,0,7,0,7,1,0,3,50
0,0,1,44,3,1,18,0,0,4,65
0,0,0,0,0,1,9,1,0,7,41
0,0,0,0,7,0,0,0,1,1,21
0,0,1,582,4,1,16,1,0,0,77
0,0,0,0,7,0,17,0,1,6,54
0,0,1,594,4,0,22,1,0,4,80
0,0,1,440,7,0,10,0,0,4,65
1,111,1,19,5,1,20,0,1,5,96
1,71,0,0,7,1,3,0,1,7,63
0,0,1,566,6,1,14,0,1,7,77
1,21,0,0,6,1,20,0,1,5,71
1,25,0,0,2,0,16,0,1,7,46
1,62,1,445,5,0,10,1,1,4,100
0,0,0,0,3,1,4,0,1,2,33
0,0,1,517,0,1,6,0,1,9,52
1,31,0,0,1,0,1,0,1,2,23
1,45,1,160,0,0,18,1,1,2,71
1,63,0,0,1,1,10,0,0,6,49
0,0,1,88,7,0,22,0,0,0,49
1,104,0,0,1,0,2,0,1,2,37
1,113,0,0,7,1,15,0,0,7,83
1,108,0,0,7,0,5,1,0,0,52
0,0,1,33,1,1,21,0,1,5,55
1,8,0,0,3,1,8,0,1,5,58
1,18,1,355,4,0,19,1,0,4,82
0,0,1,86,4,1,7,1,1,1,70
1,54,1,494,0,1,12,0,1,7,88
1,57,1,230,6,1,21,0,0,2,92
0,0,0,0,7,1,11,1,0,5,64
1,27,1,510,3,1,6,1,0,7,91
0,0,0,0,7,1,9,0,0,3,53
0,0,1,575,3,0,15,0,1,4,56
1,107,0,0,0,0,8,1,0,1,41
1,112,1,548,6,0,3,1,1,1,90
0,0,0,0,3,0,5,0,1,5,41
1,15,1,76,4,1,23,0,1,8,87
1,8,1,86,5,1,15,1,0,9,97
1,72,0,0,2,1,9,0,1,6,67
1,119,1,236,7,1,9,1,0,0,93
0,0,1,157,1,0,17,1,0,8,64
0,0,1,349,0,1,14,0,1,2,63
1,72,1,370,5,1,23,1,1,5,100
1,68,1,264,7,1,12,0,1,2,96
0,0,0,0,6,1,6,0,1,9,61
0,0,1,364,4,0,9,1,1,9,86
0,0,1,341,3,0,12,1,0,7,70
1,5,1,154,5,0,14,0,1,7,81
0,0,0,0,4,0,8,0,0,7,38
1,60,1,403,4,1,8,0,0,8,80
1,46,1,224,4,0,18,1,0,8,90
0,0,1,178,4,1,13,1,0,3,85
0,0,0,0,0,1,0,1,1,5,34
1,54,0,0,5,0,15,0,0,7,63
0,0,1,112,7,1,7,0,0,4,61
1,69,0,0,7,1,16,1,0,6,79
1,61,0,0,1,1,9,1,1,6,68
0,0,0,0,4,1,4,0,1,6,41
0,0,0,0,0,1,20,0,0,7,33
0,0,0,0,3,0,15,1,0,2,49
1,10,0,0,3,1,7,1,1,3,67
1,91,0,0,3,0,16,0,0,3,49
1,75,1,337,4,1,22,1,1,8,100
1,62,1,446,2,1,20,0,1,1,86
0,0,0,0,2,0,23,0,1,0,34
1,117,0,0,5,0,5,0,1,5,66
1,27,1,415,5,0,17,0,0,9,87
1,33,1,41,1,0,11,0,0,7,57
0,0,0,0,7,0,22,1,1,0,50
0,0,0,0,0,0,22,1,1,4,35
1,85,0,0,0,0,22,1,1,7,62
1,43,0,0,5,0,16,1,0,6,64
0,0,1,106,0,0,10,0,0,6,38
1,45,0,0,5,1,20,1,1,8,88
0,0,1,285,7,1,24,1,1,3,97
1,82,0,0,4,0,19,0,0,4,75
0,0,1,241,4,0,8,1,1,3,80
0,0,0,0,5,1,13,0,0,1,45
0,0,0,0,7,0,0,0,1,7,41
1,27,0,0,0,1,20,1,1,9,62
0,0,0,0,4,0,4,1,0,0,32
1,62,0,0,7,1,12,1,0,7,77
1,108,0,0,1,1,16,1,1,0,58
0,0,0,0,1,1,21,0,0,5,49
0,0,1,135,4,0,13,1,0,9,74
0,0,0,0,2,1,9,0,1,4,53
1,116,1,355,0,0,23,0,0,6,68
0,0,0,0,0,1,4,1,0,3,26
1,97,0,0,6,0,13,0,0,0,50
0,0,1,273,1,0,3,0,1,5,46
0,0,0,0,3,1,14,0,1,3,50
0,0,1,301,2,0,6,1,1,5,71
0,0,1,334,4,0,4,0,1,9,59
0,0,0,0,7,1,20,1,0,7,69
0,0,1,13,5,0,11,0,1,2,62
1,86,0,0,4,0,14,0,0,4,60
1,49,1,199,4,0,13,0,0,5,80
1,24,0,0,2,0,2,0,1,9,34
1,53,1,429,4,0,14,0,0,2,81
1,37,0,0,7,1,5,0,1,5,81
0,0,0,0,1,1,13,1,1,8,53
1,87,0,0,1,0,21,1,1,7,55
1,75,0,0,2,1,12,0,0,9,69
0,0,0,0,0,1,16,1,0,4,40
1,71,0,0,7,0,3,0,0,0,46
0,0,0,0,7,0,24,0,0,4,35
0,0,0,0,6,0,12,1,1,5,51
1,103,1,165,5,0,0,1,1,7,96
1,31,1,398,5,0,21,1,0,3,81
1,11,0,0,0,1,22,0,1,3,49
0,0,0,0,2,0,8,1,0,9,37
0,0,1,229,0,1,16,1,1,0,62
0,0,0,0,5,1,3,0,0,8,47
1,45,1,563,4,1,7,1,1,6,100
0,0,0,0,7,1,21,1,1,7,66
0,0,0,0,4,0,0,0,0,0,22
0,0,1,208,1,0,8,0,0,2,39
1,59,1,154,3,1,12,1,0,7,100
0,0,0,0,0,1,14,0,0,2,22
1,41,0,0,4,0,23,1,1,0,62
0,0,0,0,4,0,0,1,1,5,47
1,73,0,0,6,1,17,1,1,5,93
0,0,0,0,3,1,9,0,0,8,47
0,0,0,0,1,1,12,1,0,3,42
0,0,1,571,1,0,14,0,1,2,55
0,0,0,0,0,0,23,1,0,0,23
0,0,1,172,4,0,24,0,0,1,64
0,0,0,0,3,0,9,1,0,6,45
0,0,0,0,5,0,0,1,1,3,37
0,0,0,0,4,1,0,0,1,1,38
1,13,0,0,7,1,15,0,0,8,62
0,0,0,0,2,0,11,1,1,1,46
1,46,1,382,6,0,5,1,1,0,85
1,91,0,0,1,0,15,0,1,4,53
0,0,1,445,3,0,22,1,0,2,73
1,79,1,400,1,1,22,0,0,7,87
0,0,0,0,4,0,8,1,0,2,47
1,65,1,9,1,0,14,1,1,4,87
0,0,0,0,2,1,23,1,1,3,61
0,0,1,282,7,1,12,0,0,2,79
0,0,1,540,2,0,18,0,1,8,60
1,44,0,0,7,0,10,0,1,0,57
1,9,1,396,4,0,12,0,1,7,87
0,0,0,0,7,0,10,0,1,0,40
1,5,1,219,7,0,4,1,1,3,87
1,50,0,0,6,0,11,1,0,7,65
0,0,0,0,6,1,0,1,1,5,67
1,82,0,0,0,0,22,0,0,3,46
1,110,0,0,6,0,9,1,0,1,65
1,75,0,0,7,0,19,1,1,6,77
0,0,1,516,4,1,3,0,0,0,60
1,25,0,0,1,0,16,0,0,6,35
0,0,1,277,6,1,7,1,1,8,86
0,0,1,468,4,0,3,0,1,9,73
1,41,0,0,0,0,13,1,1,0,50
0,0,0,0,2,0,4,0,1,3,24
0,0,1,371,5,0,6,0,1,2,60
1,39,0,0,6,0,0,0,0,1,39
0,0,1,129,1,1,20,0,1,5,67
0,0,0,0,6,0,11,0,1,7,47
0,0,1,228,3,1,2,0,1,7,65
0,0,0,0,7,1,12,1,1,3,68
1,35,0,0,5,1,7,1,0,1,63
0,0,1,138,5,0,9,1,0,1,55
0,0,1,326,0,1,12,1,0,2,60
1,117,0,0,7,0,3,1,1,2,60
0,0,1,326,3,0,8,1,0,7,68
1,49,0,0,5,0,16,1,1,2,70
1,119,0,0,3,1,3,1,0,2,61
0,0,0,0,7,1,5,0,1,6,49
1,8,1,294,0,0,14,1,1,0,71
0,0,1,117,0,1,5,1,1,4,68
1,49,1,531,6,0,1,1,0,8,95
0,0,1,142,4,1,20,1,1,4,84
1,57,1,229,4,0,11,0,1,9,82
0,0,1,77,7,1,17,0,1,3,65
1,74,1,546,6,0,19,1,0,2,97
1,105,1,362,7,1,11,1,0,9,100
1,70,1,18,3,1,9,1,0,1,86
1,81,1,529,1,0,22,0,1,2,77
1,94,1,305,1,1,19,1,0,9,100
1,75,1,461,3,0,4,1,1,2,82
0,0,0,0,5,0,2,0,0,6,30
1,37,0,0,1,1,13,1,0,1,47
0,0,1,219,6,1,9,0,1,3,72
0,0,1,105,0,0,23,1,0,8,49
1,5,0,0,6,1,6,0,0,1,48
1,66,0,0,2,1,3,1,0,3,70
1,81,0,0,5,1,13,0,1,4,78
1,62,1,134,5,1,14,1,0,9,100
0,0,0,0,0,0,5,1,1,5,25
0,0,0,0,7,1,13,0,0,5,63
1,114,1,504,3,1,7,1,0,6,93
1,86,1,71,7,1,21,1,0,9,100
0,0,1,414,1,0,2,1,1,3,53
1,66,0,0,5,0,3,0,1,6,56
1,101,0,0,6,0,16,0,1,7,73
1,72,0,0,7,1,21,0,1,6,78
0,0,1,107,7,0,17,1,0,1,67
1,18,1,465,2,0,3,1,0,8,70
1,19,1,344,7,1,13,0,1,9,84
1,50,1,128,0,0,24,0,0,0,50
1,24,0,0,2,0,4,1,0,0,35
0,0,1,293,4,1,2,1,0,4,85
0,0,0,0,1,1,18,1,0,5,53
1,18,1,18,2,1,15,1,1,2,87
1,10,0,0,3,0,5,0,1,7,54
1,30,1,486,3,1,12,0,0,0,75
0,0,0,0,2,0,10,1,0,2,40
0,0,1,64,7,0,12,1,1,4,87
0,0,1,109,5,0,2,1,1,4,70
1,95,1,288,2,1,10,0,1,3,90
0,0,1,486,5,0,18,0,0,3,67
1,36,0,0,5,1,15,0,1,9,71
0,0,1,439,5,0,18,1,0,4,72
1,62,0,0,4,1,1,1,1,7,73
0,0,1,352,2,1,12,1,1,1,80
0,0,0,0,4,1,9,1,1,0,61
1,25,0,0,5,0,9,0,0,9,51
1,51,1,562,6,0,8,1,1,9,100
1,75,1,517,7,0,18,0,1,9,100
1,66,1,321,2,0,3,0,0,1,58
1,115,1,157,7,0,16,0,0,4,89
1,98,0,0,0,0,12,0,0,7,46
1,63,0,0,2,0,16,1,0,2,51
0,0,1,521,2,1,11,1,1,2,76
0,0,0,0,5,0,18,0,0,1,41
0,0,1,337,4,0,8,1,0,4,72
0,0,0,0,6,0,23,0,0,5,36
1,105,0,0,1,0,1,0,0,0,25
0,0,1,590,0,1,3,0,0,4,47
1,72,0,0,2,0,15,0,0,0,59
0,0,0,0,6,0,0,0,1,1,22
0,0,0,0,1,1,1,0,1,3,27
0,0,1,164,6,0,9,0,1,9,73
1,99,0,0,7,0,2,1,1,4,58
0,0,1,278,5,1,9,1,1,5,94
1,112,0,0,4,1,11,1,0,0,75
1,70,0,0,5,0,2,1,0,0,58
0,0,0,0,2,0,2,0,0,8,14
0,0,0,0,4,0,21,1,0,9,55
1,115,1,338,6,0,17,1,0,1,92
0,0,0,0,5,0,17,0,1,1,40
1,28,1,19,0,0,22,0,1,4,59
0,0,1,54,4,0,0,1,1,0,48
1,104,0,0,3,1,14,0,0,0,53
0,0,0,0,3,1,5,0,1,7,45
1,111,0,0,0,0,23,1,1,9,69
1,64,0,0,6,0,1,1,0,9,48
1,11,1,336,1,1,22,1,1,8,96
1,111,1,132,6,1,0,1,1,4,97
0,0,0,0,3,1,15,0,1,9,61
1,111,1,479,7,0,11,1,0,7,100
0,0,1,27,2,0,16,1,1,9,68
0,0,0,0,1,0,15,0,1,3,35
1,10,1,439,3,0,2,1,0,4,70
1,62,1,114,0,0,4,0,0,0,47
1,51,0,0,4,0,6,1,1,3,61
1,86,1,368,7,0,5,1,1,2,85
1,77,1,332,0,0,14,1,0,8,73
1,5,0,0,4,0,4,0,1,0,41
0,0,1,521,1,0,9,1,1,2,70
0,0,0,0,0,1,12,0,0,9,30
1,101,0,0,0,0,16,0,1,8,48
0,0,0,0,5,0,7,0,0,8,37
0,0,0,0,1,1,15,1,0,8,52
1,113,1,247,3,0,16,1,1,8,100
1,46,1,3,2,1,10,0,1,4,71
1,49,1,87,2,0,10,1,1,2,81
1,39,0,0,0,1,16,1,0,3,48
0,0,1,513,4,1,5,0,1,0,65
0,0,1,55,3,1,17,0,0,1,56
1,95,0,0,7,1,9,0,1,3,68
0,0,1,371,2,1,23,1,0,6,74
1,43,0,0,3,0,3,0,1,0,47
0,0,0,0,3,1,19,1,0,2,53
0,0,1,197,0,0,18,1,1,9,67
1,54,0,0,5,0,21,0,0,0,50
0,0,1,99,6,1,15,1,1,9,88
1,116,1,8,4,1,7,0,1,9,76
0,0,0,0,1,0,11,1,0,9,47
1,27,0,0,0,0,2,1,0,4,25
0,0,1,199,7,1,20,1,0,9,88
0,0,0,0,0,0,11,1,1,0,32
0,0,0,0,2,0,17,1,0,3,42
0,0,0,0,0,0,0,1,0,8,30
0,0,1,163,6,1,21,1,1,0,79
0,0,0,0,4,0,9,1,1,0,51
0,0,1,60,3,1,16,0,1,2,71
1,59,0,0,6,1,6,1,1,5,82
1,76,1,135,0,0,12,1,0,4,72
0,0,0,0,0,0,11,0,1,8,32
1,115,0,0,5,0,14,1,1,1,70
0,0,0,0,5,1,1,1,0,9,57
1,63,0,0,3,1,17,0,1,6,75
1,111,0,0,5,1,5,0,0,7,64
0,0,0,0,6,1,19,1,0,2,58
1,90,1,322,4,1,14,1,0,9,100
1,38,0,0,7,0,12,0,0,1,46
0,0,1,36,2,1,12,0,1,8,63
0,0,1,201,3,0,5,0,1,5,63
1,85,0,0,6,0,17,0,0,5,67
0,0,1,317,1,1,0,1,1,1,57
0,0,1,430,4,1,4,0,1,5,70
1,13,0,0,2,0,10,1,0,8,57
1,36,1,194,6,0,22,1,1,9,97
1,108,1,324,6,0,9,1,1,4,100
1,109,0,0,4,0,0,1,0,0,45
0,0,1,169,7,1,15,0,1,2,73
0,0,1,61,0,0,24,0,0,9,34
0,0,0,0,6,1,7,0,0,8,48
1,66,0,0,3,0,8,0,0,2,43
0,0,1,579,1,1,2,1,0,0,56
0,0,0,0,2,0,5,0,0,9,30
0,0,1,56,7,0,6,1,0,4,66
1,89,0,0,3,0,8,0,0,7,51
0,0,1,310,3,0,1,1,0,2,54
0,0,1,149,7,1,4,1,0,6,79
1,81,0,0,2,0,18,0,0,9,55
1,20,1,251,7,0,11,1,0,3,98
0,0,0,0,0,0,24,1,1,7,36
1,57,0,0,6,0,5,0,0,0,51
1,81,0,0,1,1,16,1,0,1,58
0,0,0,0,5,0,23,1,1,9,60
0,0,1,51,7,0,10,1,0,3,71
1,65,1,331,6,0,11,0,1,6,97
0,0,0,0,2,0,6,1,1,7,31
1,79,0,0,4,0,21,1,0,7,82
0,0,0,0,4,1,8,1,1,5,60
0,0,0,0,3,1,21,1,0,2,53
1,53,0,0,5,1,19,1,0,4,83
1,7,1,539,4,1,4,0,1,0,92
0,0,1,510,2,0,17,1,0,8,71
0,0,1,198,0,1,20,1,1,8,77
0,0,0,0,2,1,22,0,0,0,35
1,90,1,128,6,0,0,0,1,0,64
0,0,0,0,2,0,9,1,1,6,55
0,0,1,542,0,1,3,1,0,8,61
0,0,0,0,0,0,13,1,1,4,28
0,0,0,0,1,0,9,0,0,4,15
0,0,0,0,3,1,19,1,1,5,66
0,0,1,577,1,0,15,1,1,5,66
0,0,1,101,4,1,13,0,1,0,70
0,0,1,490,3,0,12,0,0,5,63
0,0,1,381,5,1,12,1,0,7,87
0,0,1,501,3,0,21,0,0,8,58
0,0,1,216,7,0,15,1,0,2,78
0,0,0,0,4,0,7,1,1,5,60
0,0,1,12,7,0,23,1,0,3,68
0,0,0,0,3,0,7,1,0,9,46
0,0,0,0,1,0,23,0,0,1,29
1,113,1,500,0,0,9,1,1,8,73
1,97,0,0,2,0,1,1,0,4,47
1,24,0,0,0,0,22,1,1,1,47
0,0,0,0,5,0,23,0,0,5,41
0,0,1,300,2,1,22,0,1,2,72
1,105,1,363,5,0,3,0,1,6,85
1,36,0,0,2,0,19,0,1,9,66
0,0,1,121,7,1,13,0,1,1,67
1,11,1,122,6,0,11,1,1,6,87
0,0,1,430,5,0,4,1,0,4,75
1,39,0,0,0,0,13,1,1,4,61
1,114,1,211,5,0,9,0,0,3,80
1,110,1,202,6,0,11,0,1,7,94
0,0,1,64,6,1,8,1,0,0,70
1,27,1,324,0,1,24,1,1,9,77
1,102,0,0,7,1,12,0,0,8,75
0,0,0,0,4,0,17,0,1,5,57
0,0,0,0,5,0,2,1,0,9,50
1,43,0,0,2,1,20,0,1,1,47
0,0,0,0,4,0,3,1,0,0,33
0,0,1,365,0,1,22,1,0,0,56
1,104,0,0,6,1,13,0,0,0,64
0,0,1,251,5,1,11,0,0,7,81
0,0,1,51,3,1,0,1,1,1,49
1,112,0,0,1,0,4,0,1,1,37
0,0,1,390,7,0,6,0,0,7,63
0,0,1,585,3,0,5,1,1,0,55
1,104,0,0,5,1,8,1,1,5,83
0,0,1,149,6,0,16,0,0,5,72
0,0,0,0,7,1,10,0,0,2,60
0,0,1,323,5,0,12,1,0,5,90
0,0,0,0,1,1,7,0,0,4,41
1,89,0,0,4,1,14,0,0,3,72
0,0,0,0,6,1,17,1,0,1,56
1,90,0,0,0,0,6,1,0,1,36
0,0,0,0,3,0,8,0,1,7,45
0,0,0,0,5,0,11,1,0,4,47
1,77,0,0,7,0,15,0,0,1,55
0,0,0,0,7,1,7,1,1,7,65
0,0,0,0,0,1,23,1,0,6,49
0,0,0,0,4,1,9,1,1,0,55
1,38,1,153,3,1,8,1,0,4,96
0,0,1,91,6,0,21,0,1,9,62
1,104,0,0,6,0,19,1,0,0,50
1,116,1,66,7,1,17,0,1,0,84
0,0,1,448,1,1,4,1,0,5,66
0,0,1,590,2,0,10,1,1,2,67
0,0,0,0,3,0,21,0,1,9,43
0,0,0,0,6,0,2,0,1,2,32
1,14,1,356,2,0,21,0,0,6,64
0,0,1,438,4,0,21,0,0,0,56
0,0,1,314,2,0,10,0,0,2,54
0,0,1,567,3,0,2,0,1,5,58
0,0,1,406,0,0,23,0,0,9,60
1,114,0,0,2,0,22,1,1,2,61
0,0,1,288,7,1,15,1,0,4,88
0,0,0,0,2,0,23,1,0,0,37
0,0,0,0,0,1,23,1,0,9,43
0,0,0,0,2,1,24,1,0,1,48
0,0,1,373,7,1,0,0,0,5,63
1,66,1,112,6,1,16,0,0,1,82
1,21,0,0,1,0,13,0,0,7,38
0,0,1,11,4,0,9,1,0,1,52
0,0,0,0,5,0,19,1,0,0,43
0,0,0,0,1,0,1,1,0,2,22
1,82,0,0,7,0,8,0,1,3,70
0,0,1,543,6,1,7,1,1,3,86
1,29,1,392,6,1,16,0,1,5,93
0,0,1,43,2,1,20,1,1,8,81
1,97,1,186,0,1,4,1,1,4,73
1,98,0,0,2,0,17,1,0,4,68
0,0,1,431,0,0,7,1,0,0,46
0,0,1,34,4,0,22,1,1,5,78
1,29,1,65,4,1,18,1,1,9,98
1,99,1,78,1,1,7,1,0,4,84
0,0,1,85,7,1,20,0,0,3,71
1,119,1,351,2,0,2,0,1,7,74
0,0,0,0,7,1,9,0,1,9,59
0,0,1,285,2,0,8,1,1,5,72
0,0,1,595,2,0,23,0,0,8,54
0,0,0,0,2,1,8,0,1,6,46
1,40,0,0,6,0,22,0,1,9,62
1,52,0,0,1,1,1,0,1,2,48
0,0,1,276,2,1,23,1,0,3,65
0,0,0,0,6,0,4,1,0,3,41
1,33,1,182,3,1,21,1,0,9,92
0,0,1,584,4,1,9,1,0,4,78
1,111,1,380,5,0,9,0,1,5,93
1,117,1,107,2,1,10,1,0,9,96
0,0,0,0,5,1,23,0,1,5,60
0,0,1,367,1,0,6,1,0,1,49
1,105,1,408,5,0,2,0,0,4,60
0,0,0,0,7,0,17,1,1,3,55
0,0,1,260,1,1,23,0,0,1,50
0,0,0,0,7,1,24,1,1,2,61
0,0,1,363,1,1,24,1,1,7,94
0,0,1,540,1,0,7,0,0,1,40
1,72,0,0,0,0,24,1,0,0,46
0,0,1,373,2,1,9,1,1,0,77
0,0,0,0,7,0,12,0,1,8,55
1,81,1,40,2,1,5,1,0,0,67
1,33,1,409,1,0,2,1,1,1,59
0,0,0,0,1,1,1,1,1,8,38
1,19,1,128,1,1,8,0,1,8,72
0,0,0,0,3,1,9,0,1,2,56
0,0,1,363,5,0,21,0,1,0,67
0,0,0,0,4,0,24,0,0,6,43
0,0,0,0,5,0,3,0,0,2,21
1,14,1,32,3,1,2,0,0,2,61
1,50,1,322,6,1,18,1,0,6,100
0,0,0,0,1,0,1,1,0,2,21
1,106,0,0,7,1,12,0,1,5,80
1,21,0,0,2,0,2,0,0,8,30
0,0,1,352,7,1,5,0,0,4,73
0,0,1,338,6,0,22,1,0,2,71
1,69,0,0,0,0,3,0,1,5,40
0,0,1,339,0,1,8,0,1,3,55
1,94,0,0,3,1,10,1,0,5,90
0,0,0,0,1,0,15,0,0,5,23
1,49,0,0,3,0,5,1,1,0,53
0,0,0,0,2,1,8,0,1,2,37
0,0,0,0,7,0,12,1,0,8,50
0,0,0,0,3,1,9,0,0,9,46
0,0,1,73,1,1,5,0,1,2,53
1,98,1,515,4,1,23,1,0,7,100
0,0,0,0,5,1,20,1,0,9,67
1,10,1,380,0,1,20,0,0,8,70
1,9,0,0,3,0,17,0,0,5,48
0,0,1,57,0,0,12,1,1,8,53
1,66,1,194,1,0,16,1,1,8,88
1,57,0,0,3,1,19,0,0,8,76
1,7,1,519,7,0,15,0,1,0,77
1,42,0,0,5,1,22,0,0,6,70
0,0,0,0,2,1,5,0,1,1,40
1,115,1,265,0,1,16,1,0,1,74
1,64,0,0,0,1,14,1,0,8,60
0,0,0,0,0,0,23,1,0,0,27
0,0,0,0,0,1,21,0,1,8,39
0,0,1,438,7,1,21,0,0,7,75
1,84,0,0,7,0,6,0,0,5,64
1,70,1,234,4,0,6,1,0,2,77
1,60,1,176,7,1,20,0,0,6,93
0,0,0,0,4,0,9,0,0,5,48
0,0,1,158,4,1,18,1,0,8,91
1,76,1,329,0,1,13,1,0,5,82
1,85,0,0,4,0,5,0,1,3,61
0,0,1,144,1,1,24,1,1,9,81
0,0,0,0,2,0,0,1,1,3,29
1,101,0,0,1,0,20,0,1,2,50
0,0,1,521,5,1,24,1,0,1,71
1,94,1,195,2,1,7,1,1,1,94
0,0,1,163,4,1,22,0,1,4,71
1,47,1,449,4,0,12,1,1,5,98
0,0,1,157,1,1,1,1,0,9,61
0,0,0,0,0,0,19,1,1,1,27
0,0,1,161,1,0,18,0,0,1,49
0,0,0,0,4,0,21,1,1,4,60
0,0,1,434,7,0,7,0,1,3,72
1,17,1,444,2,1,20,0,0,0,71
1,111,1,245,4,0,9,1,0,9,95
0,0,0,0,5,1,19,1,0,3,66
1,82,1,160,7,0,3,0,0,8,72
0,0,0,0,5,1,21,1,1,6,61
1,28,1,462,6,0,6,0,0,3,68
0,0,0,0,1,0,6,0,1,2,16
1,25,1,409,1,1,11,0,1,7,77
0,0,0,0,6,0,6,1,0,1,44
0,0,1,143,1,1,9,1,0,8,66
0,0,0,0,5,1,19,0,0,5,58
0,0,0,0,2,0,3,0,1,3,26
1,112,0,0,7,0,10,0,0,7,65
0,0,1,171,7,1,2,1,1,9,76
1,82,0,0,0,1,5,0,1,8,58
1,103,1,234,7,1,22,1,0,4,100
0,0,0,0,7,1,3,0,1,7,55
0,0,0,0,6,1,17,1,1,4,69
1,15,1,284,5,1,1,1,0,8,85
1,109,0,0,0,1,6,1,1,1,65
1,91,0,0,6,1,18,1,0,0,66
1,30,1,556,3,1,4,0,1,3,82
1,115,1,427,1,1,8,0,1,8,88
0,0,0,0,2,1,24,1,0,7,52
1,71,0,0,4,1,19,0,1,7,74
0,0,0,0,0,0,14,0,0,7,28
0,0,1,327,6,1,24,1,1,3,86
0,0,1,443,1,1,14,0,1,5,68
1,20,0,0,2,0,18,1,0,3,59
0,0,0,0,2,0,12,1,0,7,36
0,0,0,0,1,0,22,1,1,9,44
0,0,0,0,6,0,22,0,1,3,51
0,0,0,0,2,0,19,0,0,3,41
0,0,0,0,3,1,21,1,1,7,54
1,25,1,108,5,1,9,1,1,5,96
1,49,1,334,0,0,14,1,1,2,72
1,92,0,0,0,0,15,0,0,0,35
1,32,0,0,5,1,8,1,1,3,72
0,0,1,204,3,0,24,1,1,3,82
0,0,1,207,4,1,8,1,1,5,88
1,90,1,238,0,1,2,0,1,1,66
0,0,1,138,6,0,22,1,0,3,68
1,118,0,0,4,0,21,0,0,9,65
1,37,0,0,5,0,16,0,0,5,64
0,0,0,0,2,1,12,1,0,9,53
1,75,1,39,4,1,24,0,0,8,95
0,0,1,137,0,0,16,1,1,7,47
0,0,1,146,1,0,17,1,1,1,60
0,0,0,0,2,0,23,1,0,4,33
0,0,0,0,3,0,6,0,0,9,27
0,0,1,357,5,1,7,1,0,0,78
1,93,0,0,6,1,3,0,0,3,66
0,0,0,0,0,0,20,0,0,5,22
1,34,0,0,2,0,3,0,0,4,37
0,0,1,363,6,0,4,0,0,8,69
0,0,0,0,0,1,24,1,1,6,46
1,15,1,217,3,1,8,0,0,1,72
0,0,1,64,2,0,23,1,0,0,54
0,0,1,55,0,0,24,0,0,3,40
1,96,0,0,7,0,20,0,0,8,53
1,33,1,299,0,1,11,0,1,6,82
0,0,1,174,3,1,19,1,1,5,82
0,0,1,173,1,1,0,0,1,4,46
0,0,1,153,6,0,16,1,1,1,81
1,86,0,0,7,0,8,1,1,7,78
1,56,1,342,0,1,2,0,0,7,61
0,0,0,0,6,0,8,1,1,8,60
0,0,0,0,7,0,14,1,1,4,57
0,0,0,0,6,0,6,0,0,1,35
1,7,1,111,5,1,9,1,0,6,94
1,38,0,0,2,1,13,1,1,4,72
0,0,1,515,5,1,24,1,1,6,91
0,0,1,258,6,0,18,0,0,1,67
0,0,1,579,6,1,10,1,0,0,79
0,0,0,0,0,0,1,1,0,7,29
1,44,0,0,5,1,17,1,0,9,85
1,64,1,344,1,0,21,0,1,6,73
0,0,0,0,1,1,18,0,1,3,41
0,0,1,7,1,0,23,1,0,9,53
0,0,1,406,0,1,0,1,1,4,58
1,29,0,0,1,1,18,1,0,4,61
1,12,1,330,7,0,12,0,0,5,74
1,12,0,0,1,0,17,1,1,3,60
0,0,0,0,7,1,13,1,1,4,68
0,0,0,0,6,1,9,0,1,0,58
0,0,0,0,5,0,15,0,0,5,40
0,0,0,0,1,0,21,0,0,5,39
0,0,1,560,7,0,3,0,1,3,60
0,0,0,0,3,1,14,0,1,1,48
1,12,0,0,3,0,10,1,0,5,58
1,71,0,0,6,0,9,1,1,3,73
0,0,1,596,7,1,15,1,0,0,76
1,15,1,295,5,0,23,1,1,7,100
0,0,1,317,0,1,21,0,0,1,42
1,86,1,513,2,0,3,0,0,7,69
1,63,1,401,1,1,12,0,0,1,85
1,95,0,0,4,1,14,1,1,0,83
0,0,0,0,0,0,3,0,0,5,9
1,62,1,567,4,1,13,1,0,4,100
1,117,0,0,4,1,0,1,0,1,61
0,0,0,0,1,1,14,0,1,0,41
1,61,1,216,3,1,12,0,0,6,99
1,22,0,0,7,0,6,1,1,1,56
1,89,1,272,2,0,1,1,1,3,72
0,0,1,62,4,0,7,0,1,0,52
0,0,1,542,3,1,8,0,1,2,68
0,0,0,0,3,1,11,1,0,4,59
1,95,1,228,6,1,10,0,1,0,93
1,108,1,196,4,0,1,1,1,7,88
1,12,0,0,6,0,0,0,1,3,41
0,0,1,491,2,1,12,1,0,8,81
1,51,1,233,4,0,5,0,1,2,75
0,0,1,419,5,1,13,1,0,3,84
0,0,1,343,6,1,12,0,1,4,79
1,38,1,377,6,0,4,1,1,3,83
1,62,1,209,7,0,22,1,0,6,99
1,82,0,0,1,1,15,0,0,8,51
1,43,1,193,4,1,3,0,1,6,89
0,0,0,0,6,0,12,0,0,7,41
1,23,0,0,7,0,6,1,1,5,70
1,43,1,116,7,0,23,1,1,0,80
1,16,1,388,3,1,21,1,0,2,89
0,0,0,0,0,0,23,1,0,6,32
0,0,0,0,7,0,13,1,0,6,48
0,0,1,49,6,0,23,1,1,4,80
0,0,0,0,2,0,11,0,1,7,42
0,0,1,219,0,0,19,1,1,4,59
1,11,0,0,4,1,18,1,1,0,70
0,0,0,0,1,0,19,0,1,8,36
1,48,1,74,4,1,14,0,1,2,89
0,0,0,0,0,0,5,0,1,3,16
1,5,0,0,2,1,18,1,0,6,61
0,0,0,0,3,0,4,1,1,1,39
0,0,1,439,5,0,7,1,0,2,71
0,0,0,0,0,0,1,0,0,9,8
1,114,0,0,1,1,2,0,0,6,51
0,0,0,0,6,1,0,0,1,1,32
0,0,0,0,3,0,5,0,1,3,37
0,0,0,0,3,1,5,0,0,3,37
1,54,1,383,0,0,20,0,0,6,64
1,103,1,258,6,1,10,0,1,2,98
1,22,0,0,1,1,19,1,0,4,53
0,0,1,28,3,1,15,0,0,4,58
1,75,0,0,4,0,24,0,1,0,65
1,111,0,0,3,0,20,1,1,8,69
0,0,0,0,5,0,7,0,1,2,38
0,0,1,279,1,1,2,1,1,0,71
1,94,1,37,6,1,19,1,1,0,93
1,84,0,0,2,0,11,1,1,2,60
1,115,0,0,2,1,0,1,1,7,57
0,0,1,170,0,1,8,1,0,8,72
1,94,1,159,2,0,10,0,1,4,77
1,13,1,592,2,1,5,0,1,9,75
0,0,0,0,7,1,19,0,0,3,50
1,75,1,13,1,0,12,1,1,8,79
1,49,1,496,5,1,20,1,0,4,99
1,13,0,0,2,1,10,0,1,3,55
0,0,1,333,5,1,16,0,0,0,72
0,0,0,0,4,0,14,1,0,2,55
1,25,1,492,6,0,23,1,0,5,91
1,28,1,416,5,1,20,1,0,2,93
1,55,1,30,0,0,20,0,1,8,68
0,0,1,301,0,0,16,1,1,6,70
0,0,0,0,0,0,3,0,0,0,6
0,0,0,0,3,0,8,0,1,8,39
1,57,0,0,4,0,1,0,0,7,43
1,45,0,0,2,0,5,1,0,5,46
1,84,1,159,7,1,1,1,0,5,90
0,0,0,0,1,1,1,0,0,4,28
0,0,0,0,7,0,1,0,0,4,32
1,102,0,0,6,0,3,0,1,6,61
0,0,1,160,7,1,9,1,1,8,83
1,18,0,0,1,0,14,1,1,7,61
0,0,1,487,7,0,11,0,0,7,72
1,105,1,249,7,1,7,1,0,3,98
0,0,0,0,4,0,13,0,0,1,45
0,0,1,430,0,0,3,1,1,0,42
1,31,1,39,4,1,24,0,1,7,87
1,109,1,176,1,0,8,1,0,4,78
0,0,0,0,2,1,4,0,1,2,33
1,94,1,192,5,0,14,1,1,7,100
1,84,1,481,3,1,1,0,0,1,85
0,0,1,242,0,1,11,0,0,3,50
1,32,0,0,5,0,17,1,1,6,65
1,74,0,0,6,1,13,0,1,9,80
1,81,0,0,0,1,18,0,1,6,62
0,0,1,57,2,0,15,0,0,2,51
1,59,0,0,6,1,6,0,1,9,68
1,5,0,0,0,1,6,0,1,3,38
0,0,0,0,1,1,0,1,0,2,23
1,90,0,0,6,0,22,0,0,9,66
0,0,1,323,5,1,8,0,0,0,70
0,0,1,166,0,0,0,0,0,7,33
0,0,1,18,7,0,8,1,0,8,56
1,76,0,0,6,0,0,1,1,6,72
1,58,0,0,4,1,9,0,0,4,63
1,66,1,101,0,0,15,1,1,7,71
0,0,0,0,6,1,19,1,1,6,65
0,0,0,0,2,0,3,0,0,9,21
1,33,0,0,2,1,20,1,0,7,66
0,0,0,0,7,1,17,0,1,8,52
0,0,1,68,5,1,18,0,1,8,70
1,58,0,0,4,0,16,1,1,6,78
1,103,0,0,3,1,23,1,1,6,80
0,0,0,0,5,1,1,1,1,5,59
0,0,0,0,3,1,23,1,0,4,51
0,0,0,0,1,0,22,1,1,6,51
0,0,1,305,4,0,13,0,1,1,63
1,46,0,0,2,0,23,1,1,8,73
0,0,0,0,6,0,2,1,1,0,35
1,73,1,171,1,0,11,0,0,3,63
0,0,1,321,0,1,15,0,0,3,53
1,44,0,0,1,1,16,0,0,8,63
0,0,0,0,4,0,3,0,0,4,41
0,0,0,0,4,0,14,0,0,3,39
0,0,1,569,7,0,20,0,0,4,74
1,12,0,0,3,0,1,1,1,8,56
0,0,1,428,1,0,6,0,0,1,37
1,20,1,341,4,1,10,1,0,1,98
0,0,0,0,5,0,24,1,1,1,50
1,114,1,446,3,0,14,1,1,5,100
0,0,0,0,6,0,0,0,0,5,31
0,0,1,510,5,0,3,1,0,7,74
1,11,1,354,4,1,6,0,1,4,91
0,0,1,252,0,1,21,1,1,3,68
1,25,1,14,2,1,6,1,0,9,72
1,50,1,311,3,0,12,0,1,1,79
1,65,1,208,1,1,15,1,0,4,86
1,81,0,0,5,0,6,0,1,9,66
1,113,0,0,1,0,5,0,1,4,40
1,5,0,0,2,1,21,1,0,5,76
1,41,0,0,0,1,7,1,1,2,54
0,0,1,150,7,0,15,1,1,7,74
0,0,1,353,3,1,5,0,0,6,63
0,0,1,194,6,1,14,0,0,1,72
1,14,1,451,7,1,19,1,0,8,94
0,0,1,61,4,0,14,0,1,2,62
0,0,1,231,4,0,20,0,0,1,62
0,0,0,0,7,0,0,1,0,9,45
0,0,0,0,3,0,17,0,0,3,30
0,0,1,93,0,0,6,1,0,1,44
1,92,0,0,3,0,7,1,1,9,73
0,0,1,473,7,0,18,0,0,2,62
0,0,1,111,3,0,14,0,0,6,60
0,0,1,594,5,1,23,0,0,4,78
0,0,0,0,0,0,19,1,1,1,31
0,0,1,336,5,1,9,1,0,8,90
0,0,1,306,7,0,15,0,0,9,73
1,78,1,400,4,1,18,1,1,0,100
0,0,0,0,2,0,4,0,0,0,16
1,78,1,504,0,0,8,1,1,9,86
1,65,1,278,1,0,10,0,1,3,74
1,93,0,0,5,0,21,0,0,2,55
1,27,1,473,5,0,3,0,0,3,62
1,19,0,0,0,0,21,1,0,8,52
1,114,1,29,5,1,18,1,1,7,100
1,118,1,185,4,0,4,1,1,6,98
1,69,0,0,3,0,16,1,0,0,68
1,68,0,0,6,0,4,1,1,9,73
1,99,0,0,2,1,6,1,0,2,59
1,44,0,0,0,0,13,0,1,4,39
1,84,1,229,6,0,16,0,1,6,98
1,12,1,466,2,1,11,1,1,0,86
1,96,1,417,4,0,24,1,0,5,100
1,80,0,0,1,0,9,1,0,4,54
0,0,0,0,3,0,24,1,1,4,52
0,0,1,201,6,1,23,0,0,4,82
1,17,1,423,2,0,13,1,0,4,76
1,57,0,0,6,1,2,1,1,7,65
0,0,0,0,3,1,13,1,1,9,59
1,103,1,68,3,0,19,1,0,4,80
0,0,1,109,7,1,12,0,1,6,71
0,0,1,212,6,0,3,1,0,5,60
0,0,0,0,1,0,10,1,0,1,38
0,0,0,0,2,0,16,1,1,5,45
1,83,1,203,1,1,7,1,1,9,93
1,105,0,0,7,1,1,0,0,2,53
1,103,1,536,7,1,23,0,1,9,100
1,78,1,90,0,1,4,0,1,7,69
1,6,1,349,1,0,12,1,1,2,73
1,113,1,110,5,0,24,1,1,0,88
0,0,1,459,4,0,6,1,1,4,81
0,0,0,0,3,1,18,1,1,5,69
0,0,1,564,7,1,6,0,1,5,72
0,0,1,380,4,1,12,1,1,4,89
1,28,0,0,1,1,23,1,0,8,65
0,0,0,0,2,0,16,0,1,9,42
0,0,0,0,7,0,18,0,1,9,41
1,82,1,273,1,1,12,0,0,8,81
0,0,1,50,4,1,18,0,0,2,63
1,30,0,0,1,1,4,1,0,5,54
1,10,0,0,2,1,15,1,0,0,53
0,0,0,0,2,0,21,0,0,4,31
1,60,0,0,2,0,8,1,1,2,60
0,0,1,158,0,0,3,0,1,1,31
1,102,1,267,7,1,23,1,1,3,100
0,0,0,0,6,0,12,1,0,6,52
0,0,1,216,1,0,12,0,0,7,55
0,0,0,0,1,0,11,0,1,0,22
